8790D5D7-EE09-43F9-896B-002BF2FFADF1;15;2;Village Road;Airport;16.92;44.23;33;NULL
16F12215-C5F4-4C28-8A6C-006A235C6443;82;1;Airport;Sheraton Road;3.81;18.29;34;NULL
411ED966-A5F4-4057-9A7E-00FFA88B2D8C;74;1;El Gouna;Makadi Bay;17.06;50.09;40;NULL
5CF17CBE-9E81-4A02-AFB9-0114FD31F1F2;92;3;Makadi Bay;Village Road;2.97;16.51;23;NULL
03485ADA-0A50-4752-A0CA-011CE3364647;1;2;Sheraton Road;El Dahar;2.01;15.95;58;NULL
B71BACDB-9073-475E-960A-016324033D59;73;2;El Dahar;El Gouna;6.93;27.12;18;NULL
88628691-AF97-45C0-9B57-01B746153DA2;59;3;El Gouna;El Kawther;19.56;64.43;22;NULL
E73EDCE2-6AF2-434B-A404-024B8A7C64BD;84;1;El Kawther;Sahl Hasheesh;7.43;27.62;67;NULL
2EF344A8-2C52-4754-846C-0286E30E192A;90;3;Village Road;Airport;12.31;35.21;38;NULL
FFF4B713-7E74-4684-919A-02887028E99B;41;2;Hadaba;Sheraton Road;14.44;46.69;31;NULL
343B9283-84A4-40CE-BD6A-0346BB02BA78;66;1;Hadaba;El Kawther;7.22;30.61;58;NULL
D42496A3-63AE-40EC-9DA6-03659EF4278F;70;3;Hadaba;El Kawther;1.39;14.08;30;NULL
982D92B4-45BB-4F9E-B196-03C5701AF571;95;2;El Kawther;Al Mamsha;16.85;49.48;36;NULL
C463D3B9-F541-4200-BD54-041C2B151678;55;3;El Kawther;El Gouna;18.88;55.58;64;NULL
8CB13271-8FD3-40F0-B242-043ADE3B6D42;5;2;Sahl Hasheesh;Hurghada Marina;24.37;74.15;23;NULL
3FF3FE9B-E4B7-4901-9F22-0449A07B6765;51;3;Village Road;Airport;18.6;47.46;33;NULL
7130A8FE-4085-41FB-A29D-049A40C7D158;69;1;El Gouna;Hurghada Marina;9.72;33.52;69;NULL
AD1C5CBA-8C60-4B88-AA04-04AB3F43A91B;56;3;Al Mamsha;Sheraton Road;17.98;52.22;9;NULL
54CFB744-CA27-4989-BD2C-059906461682;87;2;Airport;El Gouna;4.52;19.47;47;NULL
186E4ED4-AE29-4016-921B-05F4E311A06C;82;1;El Gouna;Hadaba;23.64;80.8;45;NULL
656C2CFE-8455-458A-8728-05F643AA1F78;64;1;El Dahar;Sheraton Road;4.02;18.58;33;NULL
7899F2F5-95E8-4655-B23B-066A504F4140;31;2;Hurghada Marina;El Kawther;22.75;75.46;66;NULL
6D782BE6-6226-4ADD-9CCE-06B097CCBE8F;92;3;Sheraton Road;Makadi Bay;8.75;34.82;46;NULL
E55D8D19-1FA5-40C1-97D2-06F931DF2569;49;1;Al Mamsha;El Gouna;1.05;12.48;36;NULL
4412D89F-80EC-4928-9E74-07398BDEAAE0;64;1;Airport;El Kawther;17.1;58.74;35;NULL
90DC4B97-F7A8-4A38-84E5-073B0BCF6664;5;2;El Gouna;El Dahar;22.74;60.98;33;NULL
2ED6CADC-0E50-44FA-9DA7-076630286190;54;2;Al Mamsha;Sahl Hasheesh;23.48;58.97;31;NULL
A610D520-884D-44ED-9BBC-077BD31B206D;3;2;Airport;Al Mamsha;21;70.81;60;NULL
2826C768-281E-497E-B7E3-07C72524C612;32;3;El Dahar;El Gouna;21.72;62.95;15;NULL
78CA29C1-53E4-4365-94C2-07DDC81D0A53;40;1;Village Road;Makadi Bay;5.87;27.54;58;NULL
A792419C-5FC8-40A0-AAF9-07F7869471AB;98;2;El Dahar;Hurghada Marina;15.78;45.69;49;NULL
42D0A381-A32B-4038-97FE-0826B69D53E0;46;2;Village Road;Airport;17.58;60.07;32;NULL
AC953253-5F38-45BC-8F2F-087F86119663;55;3;Sahl Hasheesh;Airport;13.3;38.38;64;NULL
2229DC3D-AD85-40A7-9D4B-08CABB41A1D0;52;2;El Gouna;Al Mamsha;18.19;60.18;34;NULL
718880C7-D2A9-4404-AE8F-096EA8D5E35E;22;2;Makadi Bay;El Gouna;17.02;59.66;50;NULL
8FB47E1E-A232-4532-ADBF-09E94BD1FA60;38;2;Sahl Hasheesh;Sheraton Road;4.21;20.2;30;NULL
2B8ADBF9-CD57-49EB-A44C-0B3630957829;10;3;El Gouna;Makadi Bay;6.3;25.41;62;NULL
67C71902-C096-44AD-B9F6-0B44AEADCA10;46;2;Makadi Bay;Sahl Hasheesh;3.3;19.24;53;NULL
F206BFEA-9769-4FBB-B16A-0B9AFD1AE5E8;55;3;Hadaba;Village Road;10.11;37.05;53;NULL
76AFBA49-09D3-404D-8FB8-0BC43F29A2C0;29;3;Airport;Sahl Hasheesh;17.69;54.77;45;NULL
1070AC03-8A62-459C-AD52-0C512DDDCFD2;48;3;Hurghada Marina;El Gouna;23.11;58.43;57;NULL
6C60D0B0-3C1E-4ECE-9D7F-0C791A24D9E4;88;2;El Dahar;Sheraton Road;12.2;45.9;69;NULL
BC5B4BCF-4989-4B36-9482-0D40A41EAEA9;68;3;Makadi Bay;Sahl Hasheesh;15.71;45.6;41;NULL
997DC7B0-168B-4905-B98C-0D6D710C2E98;68;3;El Dahar;Hadaba;12.59;35.3;63;NULL
31E5E353-CD23-4405-B2A3-0D7404351AD9;76;3;Hadaba;Sahl Hasheesh;2.57;17.22;9;NULL
CF3CFD25-B942-4F90-AD8E-0DDF71160BC4;35;2;Airport;El Dahar;8.44;33.2;65;NULL
35E12E40-56AB-48DD-9672-0E3F5F1DE886;39;3;Sheraton Road;Airport;9.43;37.53;22;NULL
D9DC92E3-EA33-48ED-8800-0F18843195BF;18;3;El Dahar;El Gouna;2.55;16.98;64;NULL
6898D8BE-F99A-4720-B340-0F4C3F14AFED;15;2;Hadaba;Makadi Bay;16.99;44.11;69;NULL
7B7AA8D0-C272-49A7-9A6E-1000375AED0B;91;2;Village Road;El Kawther;9.76;32.25;69;NULL
F257BCED-8FD4-418B-98B0-101087D41280;24;1;Makadi Bay;Sheraton Road;19.17;64.16;7;NULL
B7D10EF3-60A3-4AAB-8758-10B254B81111;61;1;El Gouna;Hurghada Marina;19.04;65.43;6;NULL
09CD1C88-24F0-4649-BEDD-10DB59B64FD9;21;3;Makadi Bay;Village Road;16.96;48.04;36;NULL
AEF6E669-661F-4611-AEF2-1109BFC805EE;31;2;El Kawther;Sheraton Road;17.91;52.75;34;NULL
1821AA0D-EC2D-4998-AD09-1119786CBB41;27;3;Sheraton Road;El Dahar;18.73;62.03;17;NULL
3396E834-06E1-48FF-8455-11250F95EB8E;98;2;Sheraton Road;Sahl Hasheesh;4.33;19.9;25;NULL
914A822E-3DD5-46B4-8B30-11DB9B548F29;45;1;Airport;El Dahar;11.51;35.02;55;NULL
41FC1023-BE09-434A-83E3-123ECEE6468A;14;3;Hurghada Marina;El Kawther;20.49;60.35;51;NULL
353C248B-007E-4DC0-911A-12662F33982D;98;2;Hurghada Marina;Makadi Bay;18.68;65.32;18;NULL
094260B5-4191-4659-9448-12B33E2EA3C8;96;3;Airport;Hadaba;9.6;33.49;60;NULL
1B24E3AD-371C-4A98-86C7-12BEFB86FA4D;17;1;El Kawther;Village Road;9.55;30.87;63;NULL
EDAB6B88-E5AA-43EB-9430-12CDDFDD2BAE;49;1;Sheraton Road;Village Road;4.85;21.74;28;NULL
7DDD76A3-D66C-4A78-8F46-132448F1F3B2;31;2;Al Mamsha;El Gouna;23.46;78.62;40;NULL
47108E6D-A1A2-4121-82DA-1370CECA8626;50;3;Al Mamsha;El Kawther;16.98;55.35;53;NULL
668073B6-CE68-4463-AF6D-13882A3E9898;94;3;El Dahar;Sheraton Road;22.5;72.02;55;NULL
C2D4DE8D-8FEE-47F6-9C0D-13F91E6399BE;53;3;El Dahar;El Gouna;19.06;54.04;25;NULL
BCFD4845-9DA3-4D48-949A-1453AFEFBAF4;1;2;Village Road;El Dahar;16.17;49.68;60;NULL
EB4BA278-357B-4CD1-BCDC-14A52AF9596D;12;1;Al Mamsha;Sheraton Road;15.19;50.16;59;NULL
C2643E42-6A44-412F-ABC2-14EBEC96401A;70;3;Sahl Hasheesh;Hadaba;15.03;41.99;55;NULL
34C50D7F-7B5B-470B-BED0-1598B1CE9FCD;4;3;El Gouna;Al Mamsha;11.91;45.73;64;NULL
8D9F4EBF-8EB1-4361-8A34-15E0A8E1C37E;90;3;Sahl Hasheesh;Makadi Bay;14.23;43.63;45;NULL
611A4004-70CC-4B24-8DCE-16009747DA58;6;2;Hurghada Marina;Airport;2.79;17.11;17;NULL
5937E972-2966-4C2A-BFE8-164C11476747;9;1;Sahl Hasheesh;Hurghada Marina;12.63;42.86;8;NULL
FA9108FB-26FC-446A-B1D1-16731F691F39;56;3;Al Mamsha;Village Road;15.15;41.45;59;NULL
2A85696E-B95A-4741-A26C-168A846E534C;87;2;Sahl Hasheesh;Hadaba;11.98;36.89;21;NULL
0BE68298-0701-4086-B5C3-1693F469738D;52;2;Sheraton Road;El Gouna;15;41.44;36;NULL
84A8918F-5427-4BAE-BEB1-16E4659E82CA;7;1;Village Road;Sheraton Road;4.04;21.46;55;NULL
A35B8A8C-F7C6-46E5-A932-1718BB289F9C;29;3;Village Road;Hadaba;11.14;34.92;17;NULL
5B40439E-4F52-4FFE-BF4C-1718C0A89B0D;82;1;El Kawther;Airport;21.7;62.08;29;NULL
5D529F0F-6991-4582-8FDB-1776B1F734FD;72;3;El Kawther;Village Road;21.75;55.86;36;NULL
E199B7EC-1516-4F2F-974A-1777FEB61109;16;1;Makadi Bay;Airport;9.05;34.5;43;NULL
44A364A1-B119-4979-AAA1-177923CBF0BB;93;1;Village Road;El Kawther;13.97;41.12;48;NULL
DD6F31CD-5169-469F-8425-17B0B23C48D7;14;3;Makadi Bay;Sahl Hasheesh;8.13;31.07;9;NULL
5B390010-4A8D-4F4C-A401-17DEC4C658CE;6;2;Airport;El Dahar;15.57;43.67;22;NULL
688B9C5F-6CDB-4DFC-B48B-180831ACD433;66;1;Hadaba;El Dahar;20.6;66.01;63;NULL
9A53D1A7-9FDB-41FB-8557-185CA374112C;57;3;El Dahar;Al Mamsha;20.55;51.13;68;NULL
512C4582-F414-44AC-9B9F-1883A706BFAB;88;2;Village Road;Sahl Hasheesh;17.79;57.19;8;NULL
FBDE5B94-EAA7-40CB-9F31-18B7A04B12C8;29;3;El Kawther;Sahl Hasheesh;20.64;54.54;11;NULL
4E1C79F8-F331-4488-A34D-19151CB24A5F;95;2;Al Mamsha;Hadaba;4.27;21.02;32;NULL
969B3978-DECA-46D7-9145-191984F43624;29;3;El Kawther;El Dahar;22.92;70.55;42;NULL
6768FE57-7BAB-498B-A1B6-1922B572F42B;3;2;El Dahar;Sahl Hasheesh;17.46;53.88;14;NULL
C9FA2AAA-1B15-44C6-8047-1928B88E9B5B;10;3;Sheraton Road;Makadi Bay;22.72;65.73;61;NULL
62DE2F4F-0205-4C49-847C-19314E08D1CB;30;3;Hurghada Marina;Airport;15.51;55.87;16;NULL
0BB17553-032D-4EE1-A55A-19524CBA6CA7;61;1;Al Mamsha;Sheraton Road;17.68;49.9;57;NULL
9A4D6010-A577-46DE-8394-198EF28BBDAE;10;3;Hurghada Marina;Sheraton Road;8.85;33.28;13;NULL
BB97DFBB-0770-4497-8803-19AA5C2457F9;79;1;Sheraton Road;El Gouna;18.28;59.91;45;NULL
B1A4D211-F43D-45E4-BB6D-19C5AF93C8FA;23;2;Airport;Makadi Bay;12.59;43.21;48;NULL
5653D376-DECD-4C43-9C79-1A4B34F0A982;66;1;Airport;El Dahar;7.09;29.06;36;NULL
8E3B0E81-DBDA-42F0-B02C-1A9F941C81BD;20;3;Hadaba;Makadi Bay;12.94;41.25;11;NULL
03D1F5AB-7153-4403-84EA-1B7C9FCEA9D8;4;3;Airport;Al Mamsha;4.32;21.28;6;NULL
9E937936-A777-4C45-AB12-1B8BC1EDF2A4;33;3;Sheraton Road;Sahl Hasheesh;4.82;20.76;38;NULL
BEB6920B-D68B-458C-8F03-1B9EEBC7C46B;60;2;Sahl Hasheesh;Makadi Bay;3.26;18.73;47;NULL
FEFF56C0-944D-41AB-BD67-1C9A3ED0D4D3;26;2;Airport;Al Mamsha;15.93;43.73;44;NULL
8F0158EB-BB5E-4ABC-8636-1D20E0E99E14;85;3;Sheraton Road;El Dahar;8.88;29.59;60;NULL
147A0C59-2DA8-4DBF-AFB1-1D295FEF545A;87;2;Hadaba;Hurghada Marina;17.59;53.36;26;NULL
5C9C347D-1A1C-40F2-8D3B-1D3103DD10A9;9;1;Airport;El Dahar;7.65;26.56;18;NULL
76B383B9-DFA4-4CB9-8106-1D58011094DD;22;2;El Dahar;El Kawther;4.13;19.73;27;NULL
DE4AFDF8-CC45-4FC0-94CE-1D5B20F2A1A4;47;1;Village Road;El Dahar;1.28;13.28;70;NULL
C05BD6E6-BC85-468A-BC6E-1D601F952916;27;3;Hadaba;Airport;6.04;22.19;27;NULL
C34DA4C0-960C-46E1-B9BC-1DA811C2B2C9;100;3;Hurghada Marina;Makadi Bay;13.33;46.74;65;NULL
2142A4D1-E086-4810-B803-1E4CDDD20A91;20;3;Hurghada Marina;Sheraton Road;4.82;22.75;16;NULL
2640650D-26E3-4F5E-AB75-1E6C20ED11B0;97;3;Hadaba;El Gouna;23.12;75.75;18;NULL
67635EB0-F922-42C9-9920-1E86C3F24552;58;3;Hadaba;Village Road;23.83;76.46;65;NULL
D9936E0D-BD58-4B6F-B5FA-1E8963524DB0;92;3;El Dahar;Hadaba;24.56;69.8;52;NULL
DDCB0BCD-3AF8-4526-BBBA-1EF347879B6F;59;3;Airport;Al Mamsha;20.34;67.87;58;NULL
944B7F5A-A8DF-4049-9465-1F2743EED723;99;1;Sahl Hasheesh;El Dahar;10.46;37.22;27;NULL
E6258F6F-F0E7-4D1D-9340-1F8F938857E3;40;1;Sheraton Road;El Kawther;19.98;69.42;29;NULL
8BD3E954-C9A0-4B4D-88B0-20A31B3B2851;81;1;El Dahar;El Kawther;15.12;53.37;67;NULL
DDEE3635-688A-463C-BA7F-20B4B0829CA1;88;2;Airport;Al Mamsha;8.79;28.79;31;NULL
F70DF9CF-676F-4C18-AE33-20FFD3B26E85;80;3;El Kawther;El Dahar;2.05;15.2;57;NULL
35771511-5010-4B6D-A5E8-21237A9A3B62;76;3;Makadi Bay;Al Mamsha;24.63;83.18;34;NULL
CE0145CA-B216-4EA8-95B8-2158489D3517;30;3;El Dahar;Village Road;20.81;65.86;28;NULL
B229E9F5-2D85-4741-BFD3-2170D722E695;10;3;Airport;El Gouna;1.25;13.72;54;NULL
0337481A-5363-44C2-8BEE-2262B865D124;52;2;Airport;Al Mamsha;7.54;28.52;59;NULL
E8D0B16B-FED4-40AB-B425-2281E83D0133;60;2;Village Road;El Kawther;20.84;63.44;25;NULL
8F4CCFD9-FE07-4FCE-9347-229DB7607329;20;3;Hurghada Marina;Sheraton Road;4.1;21.36;11;NULL
8499A53E-2011-4F5A-AFD8-22F2FB9B6E49;53;3;El Kawther;Makadi Bay;17.36;52.11;26;NULL
5EFA21C8-C1E9-4B80-A441-22F5CCC38965;9;1;Sahl Hasheesh;Sheraton Road;14.93;43.77;68;NULL
CCAC645C-84DB-49A7-BE90-23552472D2CA;69;1;El Dahar;Al Mamsha;4.44;18.92;44;NULL
20A380F6-6535-483B-BA29-2384C09A0EF3;23;2;El Dahar;Al Mamsha;7.34;25.74;64;NULL
347CE8D2-280A-4A74-8C7D-2398B0ED54DF;64;1;Sheraton Road;Village Road;1.82;14.21;44;NULL
AE990B4F-AAAB-4ECC-BA07-23AAFDBA455E;66;1;Airport;Sheraton Road;19.49;58.58;36;NULL
537A246D-0049-4DBF-8199-23EF02B41634;98;2;Hurghada Marina;El Gouna;10.1;31.85;19;NULL
C2744B3E-9EC9-40EF-B579-240E77649316;42;3;Al Mamsha;Sheraton Road;13.69;49.37;23;NULL
CD63C716-5CBF-403E-BAD2-242EC51F6529;3;2;Hurghada Marina;El Kawther;5.74;22.3;61;NULL
6E0E3BD6-1989-445B-86C8-2436FEE1C3F2;52;2;Makadi Bay;Airport;17.25;58.47;42;NULL
9F16AAB4-CBCA-4790-867E-244EF4E4CCB9;52;2;Makadi Bay;Al Mamsha;18.74;56.57;31;NULL
61312874-082A-41AA-A7C2-24A79D227A48;82;1;El Dahar;Makadi Bay;22;71.46;47;NULL
6E45D660-5CFE-45AE-BE20-24DD6254FF39;54;2;Hurghada Marina;Sheraton Road;5.95;27.27;58;NULL
1D8AEC5E-5C29-49CA-957F-24FEE33836F5;26;2;Makadi Bay;Sahl Hasheesh;22.73;67.68;62;NULL
567610A3-F7E6-49D0-A742-25300832CE2D;60;2;Sahl Hasheesh;Village Road;20.23;59.89;38;NULL
BAAC36EC-E829-4E98-9C68-259A1A8ED1CA;68;3;Airport;Makadi Bay;4.32;20.4;47;NULL
4111A7D6-FB1B-4B30-A174-25A93FF7E14D;100;3;Hurghada Marina;Airport;17.69;51.15;39;NULL
EA026088-6115-4A03-9B59-25D09FB42C5B;5;2;Sheraton Road;Village Road;18.47;48.72;54;NULL
5369A9F7-8AA5-4EB4-80DB-25D6303CE7C2;43;1;Hurghada Marina;Hadaba;11.61;34.33;62;NULL
2BD068A3-99A4-4E63-B28F-25FB483CEDAF;10;3;Hadaba;El Gouna;20.84;57.59;33;NULL
C7E431F9-F994-4FDE-9402-264214E63939;20;3;El Gouna;Al Mamsha;18.33;57.21;63;NULL
805299D2-46DF-4796-9DDF-2655376A6660;2;3;Sheraton Road;El Dahar;16.53;45.71;60;NULL
1A6AEFBC-C4AD-40B0-B1A2-26600F3A6573;17;1;Sheraton Road;Al Mamsha;15.54;41.56;11;NULL
4729B366-7A01-4D29-8924-26C62DF19DDD;74;1;El Dahar;Sheraton Road;21.52;62.61;36;NULL
FB075236-FAA2-477F-8892-2748ABD76EA9;72;3;El Kawther;Hurghada Marina;17.22;58.53;67;NULL
DC75BF3D-4220-457B-8AAB-27D04C379D39;70;3;Makadi Bay;Hurghada Marina;11.65;33.9;20;NULL
7B7ED6A2-6B7A-4177-80F5-2837B8B96C4E;42;3;Village Road;Sheraton Road;8.6;27.69;5;NULL
10362B5D-08B4-468F-9DF4-287D082A2576;10;3;El Dahar;Airport;23.59;79.52;66;NULL
5078BE90-7837-4501-9ED0-2897E2468BC1;74;1;El Dahar;Airport;15.73;45.29;11;NULL
06E0CFE2-4156-4F4E-AD6A-28A592D2047D;53;3;El Kawther;Sahl Hasheesh;2.1;15.05;68;NULL
ACD20525-1F2F-4F76-9D30-28AECF881E18;43;1;Al Mamsha;El Dahar;7.04;28.59;27;NULL
584FC6F1-F7BC-4670-80B0-28C7571EB674;24;1;Al Mamsha;El Gouna;20.98;54.77;34;NULL
707BC9CF-7409-4C43-8CA2-28EE6A0D5981;86;3;El Kawther;Hadaba;4.7;23.59;51;NULL
9190FA0E-0D27-4718-927D-29591D3B8A9F;66;1;Village Road;Sahl Hasheesh;21.5;57.97;33;NULL
05ED6499-E465-483B-8E99-2978C3E84B16;4;3;Sheraton Road;Hurghada Marina;10.17;38.05;18;NULL
307C1F63-F90A-4D70-A67A-2986852BA6B8;47;1;Village Road;Makadi Bay;14.61;46.29;31;NULL
5638AEE2-7F08-46A4-9BEE-29F98F85A016;4;3;Sahl Hasheesh;Airport;18.12;47.35;33;NULL
23838A49-78D3-4684-A45E-29FE8DA1FA35;3;2;Sheraton Road;Sahl Hasheesh;23.9;67.96;50;NULL
F84075E7-08C7-490F-AF4E-2A13B8F36FAE;60;2;Sheraton Road;Hadaba;3.45;18.01;6;NULL
A8F8E1B7-60F1-4450-936E-2A2BC312CE4F;49;1;El Dahar;Hurghada Marina;3.96;18.88;64;NULL
8E6A5B39-8CDA-48D2-ADAA-2A2C02B14B8C;86;3;El Kawther;Airport;1.41;14.21;56;NULL
1F083D05-0086-40BF-9A23-2A7329CC387A;11;1;El Dahar;El Gouna;19.73;66.16;53;NULL
953F8E37-207C-43E2-ADC2-2A78F5042155;14;3;El Kawther;Hurghada Marina;18.3;63.03;46;NULL
93C684A9-97BF-4CC4-A48A-2A8564D853D4;54;2;El Dahar;Airport;2.43;15.92;29;NULL
1FA52555-F31C-44DE-9A8A-2AA2308A4316;100;3;Hurghada Marina;El Kawther;10.12;33.44;49;NULL
00EDCED4-CF83-4245-A2F6-2AFD8C0B82D4;89;2;El Gouna;El Dahar;5.04;24.94;59;NULL
DE23A2CB-B997-4095-B10F-2B0BCC1F7AD1;59;3;Airport;Makadi Bay;4.75;21.64;18;NULL
9C328FD5-AC39-4265-8E7B-2B59CEA1FD42;86;3;Village Road;Al Mamsha;11.09;41.09;20;NULL
66685E37-9EC7-4D75-82AA-2B9EE77DCF2D;59;3;Airport;Sheraton Road;8.68;31.79;5;NULL
1BA80CA6-8A51-4CCC-9951-2BAEBDEDEBAA;33;3;Hurghada Marina;El Dahar;7.11;25.1;51;NULL
3114C1F5-E400-4AA4-93E3-2BB8ABD1F917;98;2;El Gouna;Al Mamsha;21.13;61.94;65;NULL
44BF524A-F60E-47CE-9306-2BC7FB23CCA9;15;2;El Dahar;Village Road;20.85;65.81;21;NULL
0F2119D2-0735-4FC6-8CAE-2BCB0D982481;8;1;Al Mamsha;Airport;9.86;37.34;33;NULL
4C1C32B2-ADA0-428D-A083-2BDAFA5DB183;61;1;Airport;Village Road;12.08;44.1;68;NULL
76D2D42E-4B0E-42DC-A0D3-2C3C67B72F38;23;2;Sheraton Road;Airport;16.79;52.8;58;NULL
77FD1394-BA6A-4524-BC6B-2E285F0B0F80;68;3;El Dahar;Makadi Bay;5.44;25.06;30;NULL
BD89B114-B69F-48E4-BD2B-2E5BCE04E8B8;51;3;El Gouna;Village Road;2;15.79;15;NULL
5401ED02-FEFF-46F1-88F6-2EA243DA3852;22;2;Hadaba;Makadi Bay;9.02;34.55;36;NULL
2FD1E6B6-DB10-4090-A2FB-2EB23F0670A7;80;3;El Dahar;Sahl Hasheesh;18.48;56.43;7;NULL
155D8148-B61B-41AC-9C38-2EC951A78F72;40;1;Hurghada Marina;Makadi Bay;23.98;63.89;22;NULL
C8D7442C-03AF-4D72-8DCE-2F07B72DB15D;29;3;Village Road;Sahl Hasheesh;20.44;53.05;33;NULL
62370BE4-384A-49CA-855D-2F12C8CBB9C3;73;2;Al Mamsha;Sahl Hasheesh;20;65.07;17;NULL
5A153F64-8FFA-4C3D-80F5-2F2FA7205A86;54;2;Al Mamsha;Hadaba;15.02;51.69;38;NULL
D5F9700D-7BCF-4293-BC98-2FEDBFD43389;20;3;Sahl Hasheesh;Makadi Bay;12.07;36.77;60;NULL
4E3CD262-0AD6-41A5-B9E6-30355C72221B;80;3;Airport;Sahl Hasheesh;14.98;53.23;9;NULL
71B0D808-E28D-4A56-9A53-303EC2B21959;13;3;El Kawther;Hurghada Marina;21.27;56.2;7;NULL
D3339FF3-EB42-48D1-AB34-30677FDE87E9;3;2;El Gouna;Al Mamsha;22.26;57.93;48;NULL
3BFA9D52-868E-4A11-8C57-30713DD00031;88;2;Sheraton Road;Sahl Hasheesh;9.54;36.84;40;NULL
7831EF3A-C1CC-4555-B83A-3092CE0FD9D9;63;2;Village Road;Hadaba;17.32;58.75;18;NULL
AE026F92-FB1F-426A-81BF-311D552C96FD;34;2;El Gouna;Hadaba;5.69;23.84;42;NULL
9D8DA607-E3E5-40A9-94DB-31229841B57F;75;2;Hurghada Marina;El Dahar;8.35;28.29;23;NULL
1466F915-A4C8-4511-8EDE-319A2B086029;27;3;El Kawther;El Gouna;11.35;39.39;32;NULL
EA94A6D1-FBF0-4131-BA56-319D0E505A30;17;1;Sahl Hasheesh;El Kawther;3.24;19.01;46;NULL
35093E9F-96E2-4E4C-B458-31C3000A1D5F;67;2;Hadaba;Sahl Hasheesh;2.19;14.51;22;NULL
6A16352B-CBE2-4ADF-A178-31C8CC98248B;90;3;Hurghada Marina;El Kawther;12.9;38.69;47;NULL
739D0FFE-1C25-4CDC-AE91-31C9A5F079B8;94;3;Sahl Hasheesh;Al Mamsha;14.99;53.1;63;NULL
9BE827F3-E5A5-4436-AB65-31D880AD40AE;35;2;Hadaba;Sheraton Road;9.21;37.33;56;NULL
F0471C44-D176-4FB9-A106-31EE7E1289D5;38;2;Sheraton Road;Village Road;5.01;24.04;45;NULL
C051DBEE-1697-4534-8B25-31F7CA847596;77;3;Hurghada Marina;Sahl Hasheesh;16.14;47.43;68;NULL
ECDE4EBE-B18C-464C-928B-32194711762E;78;3;Sahl Hasheesh;Makadi Bay;3.99;19.99;5;NULL
0638B0DC-8F3C-4F76-A0B7-32885BD5F71E;18;3;El Dahar;Hurghada Marina;13.72;47.86;46;NULL
B0AD5B64-7B67-4968-88A1-32AF5C1CAB7A;36;2;Hurghada Marina;Hadaba;11.33;35.11;66;NULL
C6577B46-30B1-47C8-8871-32BCF91B98EF;78;3;Hadaba;Airport;8.75;29.86;24;NULL
7186281B-2A52-43D3-B3CE-332BF45533FE;33;3;Makadi Bay;El Gouna;10.87;40.14;8;NULL
94EBB9B1-23D8-43A9-8EFA-335365C28627;83;1;El Gouna;Hurghada Marina;13.5;39.43;30;NULL
3FFD7B57-1E62-4E3B-B5D5-33831FB6AC7A;68;3;Village Road;Al Mamsha;3.53;17.66;19;NULL
1BF4DB32-3C77-4DF1-A70A-33A588A9EF50;78;3;Sahl Hasheesh;Airport;4.51;23.06;5;NULL
B2533B55-5022-445A-AD3D-34246DC796A5;41;2;El Gouna;Hadaba;17.9;50.48;64;NULL
F0C45A0A-D63E-4502-B3C7-343C9AE9E21B;20;3;Sahl Hasheesh;Hurghada Marina;16.92;49.55;21;NULL
745E90E2-7EA7-4C2B-9991-3463A1603639;77;3;Sahl Hasheesh;El Dahar;5.98;25.82;20;NULL
3541404E-DB9E-4F38-A774-3481A8100059;100;3;El Gouna;Hadaba;8.76;34.66;60;NULL
C638BBDF-2360-491F-816A-352287450FDA;4;3;Hurghada Marina;Airport;4.84;22.75;18;NULL
14966C3F-22E7-4A79-99E6-356EBC810A67;84;1;El Gouna;Al Mamsha;16.86;50.89;21;NULL
5A8DF275-1ADA-45C0-95BB-35A9ACE62C4E;75;2;Airport;Al Mamsha;22.07;55.11;15;NULL
D0D4D465-E64D-484E-B82D-35DF7F2D9551;51;3;Makadi Bay;El Gouna;15.24;46.6;48;NULL
58E9063D-7382-453C-9D85-35FAA2663352;62;2;Al Mamsha;Makadi Bay;9.39;32.97;28;NULL
CB5EEDD0-943D-4EC1-A66D-36077462ED38;82;1;Al Mamsha;Sheraton Road;14.04;44.48;59;NULL
B2904230-A66A-4AEC-BB50-3681781FB595;54;2;Sheraton Road;Hadaba;5.72;26.03;62;NULL
9AA64197-2157-4917-95BB-3708216F6186;38;2;Airport;Village Road;19.64;67.03;23;NULL
8028C794-721A-4AEB-8F88-37BE22EAC29A;65;3;Airport;Village Road;16.61;50.21;48;NULL
C40C2284-C854-4BE7-B2BA-37D420346F6F;97;3;Sahl Hasheesh;El Kawther;20.9;62.82;67;NULL
4FB0DF62-A06C-4C9D-A677-37DD3A022464;38;2;Al Mamsha;El Dahar;9.24;30.52;69;NULL
AA23088C-2D2C-4760-A2BD-3896D25E3E1D;28;3;Airport;Al Mamsha;23.54;57.29;5;NULL
471B8BDF-686D-47C1-BA5D-38D1D64A92F6;91;2;Village Road;El Dahar;14.65;39.65;37;NULL
EFA46851-B21A-4977-81E0-3934BF9DA0E0;74;1;Sheraton Road;Village Road;21.72;66.04;6;NULL
F71CFB50-56AF-4537-BDDA-394030898885;66;1;El Gouna;El Kawther;10.15;38.21;18;NULL
33C73BB4-54B5-4BB5-88CE-3980F279350C;78;3;El Gouna;Airport;15.25;44.33;69;NULL
C141CBF1-DEA0-4E8C-8EEA-3A002FCC81C6;10;3;Hurghada Marina;Village Road;18.82;59.08;39;NULL
64F5155D-87C6-47EF-BCAE-3A0D40EA0B2B;88;2;El Gouna;Hadaba;17.35;55.66;60;NULL
FBA17B35-A638-4897-9082-3A14990C4E2D;91;2;Makadi Bay;Sahl Hasheesh;6.79;26.13;41;NULL
43FA5A70-ACC1-4072-AD59-3A89C978E610;24;1;Airport;El Gouna;18.87;62.26;47;NULL
9D215B1D-40FF-4762-A032-3AB5076CAC51;57;3;Al Mamsha;Hadaba;6.32;24.34;64;NULL
8D1860F2-801E-4D6A-86DB-3AB8502B5C18;64;1;Village Road;Al Mamsha;12.73;40.12;32;NULL
2586FD46-E37B-4C88-9388-3AD39029B8CE;68;3;Hadaba;Hurghada Marina;3.63;19.78;17;NULL
12E95978-88D2-4371-9D39-3B1E8E2ED1F5;47;1;El Kawther;Airport;18.05;49.04;24;NULL
11F7E68B-33E7-440C-B88B-3B5288DA7334;62;2;Al Mamsha;Hadaba;4.83;19.97;15;NULL
92C41144-A963-4773-892A-3B59A9D4C49E;79;1;El Gouna;Sheraton Road;22.69;72.09;40;NULL
88DBA450-6619-4C34-BFF7-3BBFEDE362B4;29;3;Hadaba;Hurghada Marina;4.04;22.06;56;NULL
C404933D-1E59-48AE-B502-3BFE60F7ED10;26;2;Makadi Bay;Hadaba;17.91;61.02;49;NULL
8046BAB8-E259-4CF0-BC3A-3CD20E54D3DD;90;3;Hadaba;El Kawther;9.3;33.34;53;NULL
C5938D2D-D8F6-4CEA-9475-3CE3DB7C1723;27;3;Sahl Hasheesh;Makadi Bay;10.1;35.25;61;NULL
4C3A1FBD-1361-42DC-9A7D-3CED3B8AC03C;86;3;Al Mamsha;Sheraton Road;5.67;24.94;58;NULL
A2F625C4-1D1C-4BF2-8DEA-3D475D74D853;85;3;Airport;Hurghada Marina;10.15;38.56;15;NULL
2E362A91-746A-4100-8220-3D4D4ED1D2D9;58;3;Village Road;Hadaba;17.95;48.38;20;NULL
C018A777-4220-4B1D-9D5C-3E0B6EB6E0EE;75;2;Al Mamsha;El Gouna;4.83;24.46;57;NULL
E2367663-FBF9-400F-90C1-3EA6CF5729B1;48;3;Village Road;Al Mamsha;6.38;28.3;56;NULL
5382A90F-AF06-49BF-AABE-3EBB36FCBB72;93;1;Makadi Bay;El Kawther;21.61;58.17;18;NULL
075001AB-4B42-4BA7-B0DE-3ED995B22DC4;27;3;Al Mamsha;El Dahar;9.11;35.2;9;NULL
7ACD21C6-4A8F-4B85-835A-3EF46AD63CA1;89;2;Hurghada Marina;Al Mamsha;10.84;40.29;25;NULL
8F3ACDA4-A83C-4296-B268-3FF43129F66A;31;2;Sheraton Road;Makadi Bay;17.76;60.52;65;NULL
19886266-2A8F-4BC0-96AD-4022BD953B84;7;1;Sheraton Road;Sahl Hasheesh;3.9;20.38;38;NULL
DCBCCB66-2112-4AA2-9191-40640FAE89C8;98;2;Village Road;Makadi Bay;21.17;68.8;45;NULL
C76B5FA2-1D12-492B-98AD-409C2D800CBF;17;1;Airport;Sahl Hasheesh;3.87;20.73;62;NULL
6EF7ABE9-FB42-424A-851B-40FA15AD0499;56;3;El Dahar;El Gouna;11.35;36.77;11;NULL
8D3FF3B8-FFE2-4069-9A09-41537051F616;27;3;Hurghada Marina;El Kawther;1.75;15.04;31;NULL
9F4112B6-F77D-4ED6-953F-418F8FE01976;8;1;Hadaba;Airport;6.42;28.87;40;NULL
E75B1F1D-D563-45E9-8F29-41A92E9D2990;39;3;El Dahar;El Gouna;5.44;21.66;30;NULL
46000BDE-94D5-4FEB-A04F-41BBCF9640CF;59;3;Village Road;Hurghada Marina;21.48;71.04;43;NULL
9C1C326B-CC88-4E9B-8A55-41BC1A90CDB0;33;3;Airport;El Dahar;8.1;27.63;19;NULL
0905A772-4B75-44DF-9307-41C0E0F37731;94;3;Sahl Hasheesh;Hurghada Marina;17.33;47.95;20;NULL
CFF754E9-9F01-441E-AECA-423E5528C290;81;1;Hadaba;Al Mamsha;15.03;46.57;41;NULL
6EDE7454-54B9-47F5-9815-4241B187B0DA;60;2;Hurghada Marina;Makadi Bay;2.04;15.96;23;NULL
A7E278FE-7287-42E8-B9AC-425AA4800ABF;30;3;El Gouna;El Kawther;7.93;32.58;25;NULL
3D998F77-A2D1-4B53-A943-425C8277FA35;46;2;El Gouna;Makadi Bay;2.36;16.93;9;NULL
E2BDED0D-3162-41B3-B3F3-427C67EF25A0;41;2;El Dahar;Hurghada Marina;4.13;19.35;28;NULL
AE8298E4-4EF1-455D-BD56-4288A06EE316;90;3;Airport;Hadaba;24.3;78.23;20;NULL
79D73CE4-0F2E-4E0C-8422-42928C83DB2E;86;3;Makadi Bay;El Dahar;18.58;60.11;27;NULL
558128D8-46EF-49C9-A936-4299D99C3015;2;3;Sahl Hasheesh;Airport;6.24;23.11;66;NULL
4EAAD940-767A-4C94-9F32-42FA683A75FA;36;2;Village Road;Hurghada Marina;1.4;13.64;33;NULL
33ACF352-EE5D-4373-B8BE-43308FD27872;19;1;Hadaba;El Gouna;6.82;30.01;38;NULL
4E958F29-D4B0-4C6C-A71F-438B6CF99F8C;57;3;El Gouna;Al Mamsha;12.27;45.07;36;NULL
0F4DDB8B-B342-4761-A846-441A48051B53;71;2;Hurghada Marina;El Kawther;14.89;39.96;20;NULL
B18F12A2-3DC3-491C-A23F-444EE1BC8357;88;2;Makadi Bay;El Kawther;5.16;25.33;59;NULL
3A4E08DF-2A89-45DE-A320-445529D8DD37;53;3;Airport;Makadi Bay;9.59;35.65;58;NULL
9EA037CE-E373-49F2-986B-45B4BB03C94F;89;2;Hadaba;Al Mamsha;14.34;40.76;13;NULL
AAFBB408-C935-4EB2-BC4B-45B6A7155252;26;2;Sahl Hasheesh;Al Mamsha;17.97;49.33;67;NULL
6F24C0D6-2251-4690-856E-45C724C683EA;26;2;Al Mamsha;Sahl Hasheesh;16.67;52.65;16;NULL
C35A9F36-D67B-4439-99A3-46DE684669B0;14;3;Airport;Sahl Hasheesh;19.22;57.28;35;NULL
5D3A1DDF-2F3E-4043-BA3A-46EDE74D72F4;54;2;Airport;Sheraton Road;5.54;25.61;47;NULL
F89B9F0E-E152-49F6-A992-46FF530BD77B;15;2;El Gouna;Village Road;21.5;54.84;38;NULL
FBD3F5FD-1F39-476F-907E-4793E1EF0B24;67;2;Makadi Bay;Sahl Hasheesh;3.74;18.61;52;NULL
6909CCC5-18E7-4963-B5B3-47C883868BCD;60;2;Hurghada Marina;El Dahar;21.44;59.36;63;NULL
24791E94-0D60-4BA1-97F9-47E450FEA696;14;3;Sahl Hasheesh;Makadi Bay;15.27;54.51;50;NULL
0112F336-FFB4-4A5A-9DC3-4862166FFB7C;8;1;Sahl Hasheesh;Hadaba;8.33;32.1;61;NULL
3BB24F28-5D5D-4A3C-BD1F-4885AD34C41B;69;1;Sheraton Road;Village Road;10.09;39.99;33;NULL
817AC7DD-F6A5-4F8C-BDFB-48CD9F7676B7;27;3;El Dahar;El Kawther;10.53;32.72;48;NULL
10A77800-10E2-4675-AD8F-48F3CC52E688;7;1;El Gouna;Sahl Hasheesh;21.51;73.86;51;NULL
74EC7269-3760-4EE2-93EB-49AE89E959D1;71;2;El Gouna;Sheraton Road;17.22;53.17;44;NULL
F1DB9D0A-3FA7-4DA4-BFEC-49B37DA203F9;29;3;El Gouna;Village Road;19.3;58.37;31;NULL
24D91D7B-F864-4637-95BD-4A0277F5580B;31;2;El Dahar;Sheraton Road;15.03;53.21;39;NULL
E2E69AC6-6569-47FC-BF32-4A5F231D90AB;68;3;El Kawther;Al Mamsha;15.82;52.09;65;NULL
44F2ACDC-3354-47DB-81AC-4A8CC27CDD93;17;1;Hadaba;Airport;11.73;37.77;65;NULL
72FF8B7B-18A8-4DB8-8C77-4AAF5CBFFF50;38;2;Makadi Bay;El Dahar;15.26;46.03;50;NULL
9235457B-782C-44CC-BB4F-4AD1510F6744;24;1;El Gouna;Al Mamsha;9.1;30.96;33;NULL
066B1B7B-7647-4A52-9DE3-4ADBC794D873;12;1;Hurghada Marina;Al Mamsha;4.75;20.72;48;NULL
2704E729-34B8-48A2-A72E-4AF32AB84EF7;25;2;Village Road;Sahl Hasheesh;23.12;72.76;27;NULL
21B22A54-1FC1-483A-B5B5-4B1046067ABD;58;3;El Dahar;El Kawther;2.56;17.64;42;NULL
1639FCE5-AFFC-4985-9DC1-4B25054F54B5;70;3;Sahl Hasheesh;El Kawther;24.79;63.76;39;NULL
ED8117D7-58E1-47D5-A86F-4B30FD1100EA;100;3;Hadaba;Sheraton Road;6.4;25.94;8;NULL
78AFCFFF-920D-4FE9-B21C-4B488EC4284D;60;2;Village Road;Makadi Bay;6.93;30.32;44;NULL
04FE534E-931F-45ED-BBC7-4B5574E1568D;75;2;Makadi Bay;El Gouna;22.36;58.62;32;NULL
ABD1B9A2-7D4F-4216-8F59-4B93F44A68C9;56;3;Hadaba;Village Road;22.64;59.3;62;NULL
24739A08-428D-423F-B6EA-4B9E6D0B33BC;73;2;El Kawther;Makadi Bay;1.45;13.7;16;NULL
70983951-9C88-4A37-9678-4BF8520EACBB;70;3;Hurghada Marina;Village Road;11.16;40.66;51;NULL
B1B7789A-628C-4322-9222-4C5347BF4F23;44;1;Hadaba;Hurghada Marina;1.09;12.45;27;NULL
BDBF3971-ECC5-4552-A57F-4C5E140FA5E7;95;2;El Dahar;Al Mamsha;4.29;22.04;59;NULL
80D4305B-A15F-4B58-9C0F-4CF82ED6DE19;62;2;Sheraton Road;Makadi Bay;8.68;35.35;34;NULL
5067CB79-7D99-4824-8552-4D162885AF88;36;2;El Dahar;El Kawther;21.29;72.23;60;NULL
15549F3A-A99D-468C-B361-4D6F2DF4A923;15;2;Village Road;Sheraton Road;6.26;26.14;38;NULL
AF0882F1-2DBE-4735-8899-4D8FAE7FEEB1;36;2;Hadaba;Village Road;16.57;54.65;8;NULL
834EE4AB-F1BD-4926-977D-4DD04B3E8663;21;3;Makadi Bay;Airport;8.02;32.94;13;NULL
9702275F-2449-4AEB-83B5-4E4B9750111B;5;2;El Kawther;Makadi Bay;12.67;43.35;16;NULL
8772B038-3CB6-4059-9DEF-4E52820495D8;43;1;Makadi Bay;El Dahar;17.95;52.74;52;NULL
27E2B06A-818F-4A3B-BEE9-4F6C5CB8F887;54;2;Hadaba;El Gouna;20.37;64.26;28;NULL
1BE95CC4-2219-4E94-9074-4FD282761E50;4;3;Sahl Hasheesh;Sheraton Road;19.84;65.86;14;NULL
7B40C615-1AB6-42DC-9B09-500B4293C193;97;3;Al Mamsha;Village Road;13.11;37.66;41;NULL
82E2E14A-8182-4F9B-9657-5027426D55B0;7;1;Village Road;El Gouna;2.67;17.66;32;NULL
0B446E21-EE2C-4C5A-983D-513363B98237;67;2;Hurghada Marina;Airport;4.99;22.7;7;NULL
9D06E2F1-2D41-4DC8-B9CB-51B0D9C7BFB0;88;2;El Dahar;Sheraton Road;21.64;62.92;31;NULL
30C108CB-B5D1-4734-8B78-51BD4D7792F3;38;2;El Kawther;Hurghada Marina;6.24;24.62;9;NULL
78D4E504-7325-4987-AE06-51CF711C7D55;32;3;Airport;Al Mamsha;16.21;49.36;41;NULL
C5330778-32FF-4E53-8659-5270F0A4F964;100;3;Airport;El Gouna;24.45;64.04;36;NULL
560254B9-D790-4512-9A64-529D8649C7BE;71;2;Al Mamsha;Airport;16.99;50.23;37;NULL
C9344FB9-9274-485A-AAA2-52CC521735D6;7;1;El Kawther;Airport;22.48;74.47;61;NULL
1D061558-DA85-4E98-8AFB-52F5C96D172C;42;3;Al Mamsha;Sheraton Road;24.68;64.73;49;NULL
13A13DC3-733E-47DB-AABE-531A7B1C89E2;75;2;El Kawther;Al Mamsha;3.59;17.58;21;NULL
48BAFA89-12CF-4452-8DD1-53B2F12FD6E7;39;3;Airport;Sheraton Road;6.69;25.97;63;NULL
F19855EE-2729-40A4-84DA-53F1BDDAAEFD;33;3;Airport;Sheraton Road;17.22;56.24;68;NULL
AEC7839E-6F15-404C-8052-5460000CF547;54;2;El Dahar;El Kawther;24.01;68.92;70;NULL
398E1DC5-7C23-4479-86F6-54C8BF782388;42;3;Airport;Al Mamsha;16.51;49.71;13;NULL
4A0732E5-3E28-4F31-9ED5-54D26E03A46A;18;3;Hurghada Marina;Hadaba;23.27;70.68;57;NULL
AD56F267-15EA-4DA1-9515-54DCC8677B44;58;3;El Gouna;Village Road;9.01;35.73;18;NULL
6B219D1B-7CB0-4569-BF3A-550EE989796F;41;2;Al Mamsha;El Gouna;20.67;58.36;17;NULL
4057D1EF-53B7-4FE7-835A-552D2CAF9544;47;1;El Kawther;Hadaba;18.14;58.52;69;NULL
B6120C3C-AE26-448D-A2A5-554EFC797015;100;3;Makadi Bay;Hurghada Marina;22.26;67.86;40;NULL
D22EDA48-AE6D-438D-9103-55562AE1AEE4;35;2;Sheraton Road;Airport;20.97;63.92;25;NULL
50209C80-749E-438F-B94A-55DBD678CF9E;5;2;Village Road;Al Mamsha;15.91;49.44;37;NULL
357FC8A7-0CB2-4BC1-86AA-55FAB55614E7;23;2;Sheraton Road;Sahl Hasheesh;23.53;69.36;36;NULL
E6800146-7FC8-4FD0-B7A4-5644CF8BA4FC;96;3;El Kawther;Hadaba;5.26;22.94;32;NULL
8E5C3D45-2E55-4C85-ADDD-56DCBD6F022C;7;1;Sheraton Road;Sahl Hasheesh;23.93;70.8;51;NULL
B9791806-4767-4AB8-BDA0-57457F6B4FFE;29;3;Makadi Bay;Al Mamsha;6.04;27.13;7;NULL
03A8A430-184B-484F-8C95-575F907FF16C;22;2;El Kawther;Village Road;4.52;20.69;49;NULL
077C588F-63B3-4529-85D7-582C830292DD;57;3;Sheraton Road;El Kawther;23.29;71.36;29;NULL
C4949C35-3F68-4873-A549-58F072C5415E;87;2;Hadaba;Makadi Bay;14.93;52.27;33;NULL
BCCE335E-6E8A-459D-BA40-5980E479D6DF;64;1;El Kawther;Airport;16.69;47.55;19;NULL
9BAEE485-AC59-4F23-A37E-59B76C662781;93;1;Al Mamsha;Makadi Bay;17.37;47.1;37;NULL
13C82AA0-E065-44C2-AB6A-59C81D3E73C1;97;3;Hadaba;El Kawther;15.31;48.85;56;NULL
5B85565B-ED92-49A4-9B55-59F5F5F246FB;12;1;Makadi Bay;El Dahar;11.39;35.65;58;NULL
4913E8BD-43BC-4A9B-B004-5A222522DCB7;82;1;Hurghada Marina;Village Road;21.6;55.74;60;NULL
36C293E6-1811-4920-A0C1-5A6169E4AA69;4;3;Makadi Bay;Hurghada Marina;23.27;64.35;69;NULL
DB7B694B-B39B-4658-8AB4-5A9B279CE559;60;2;Al Mamsha;El Dahar;1.91;15.39;50;NULL
36E3D498-DA65-4DAB-8495-5AE4D4E04383;17;1;El Dahar;El Kawther;14.77;49.37;55;NULL
96DD7952-6AB5-48EC-BADD-5B6D98BD6420;95;2;El Kawther;Sahl Hasheesh;6.55;24.28;16;NULL
73E9D2E8-3D05-4356-A693-5BD6BA94D354;48;3;Sheraton Road;El Dahar;16.28;48.2;50;NULL
0B970AFD-93DB-4756-AF20-5C20C05AE311;31;2;Sheraton Road;Sahl Hasheesh;13.49;45.53;33;NULL
B9D6FD27-C722-4A35-979F-5C8715342A7E;94;3;El Gouna;Sahl Hasheesh;5.33;22.4;32;NULL
376DC008-91C0-42C3-AC6F-5C939365C486;74;1;Airport;El Kawther;15.12;45.28;10;NULL
214F0A89-B2B4-4160-ACEE-5DBE9F328661;3;2;El Kawther;Hadaba;19.8;53.51;64;NULL
6F986CD6-00C2-4ED0-BE6D-5DBF0CEFE199;76;3;Sheraton Road;Sahl Hasheesh;10.16;32.87;44;NULL
FF5895BB-DDDC-4059-99FD-5DDA8078A225;49;1;El Gouna;El Dahar;18.09;56.64;6;NULL
2A8B18CB-7475-4959-B285-5E5A16624F85;87;2;El Dahar;Hadaba;1.55;14.36;11;NULL
AAF1C070-8B6F-49DC-BB59-5E7EAEF9F87B;48;3;Al Mamsha;Sheraton Road;7.53;29.64;24;NULL
C901A761-2F96-4EAF-834A-5EB8BAB0462E;20;3;El Dahar;Airport;13.48;42.55;32;NULL
BF713D10-A0F6-46A2-9997-5EC5EA182669;76;3;Airport;Village Road;9.94;34.67;31;NULL
8AB13E7B-3557-486B-B1FA-5F10560E01EE;16;1;El Gouna;Airport;3.18;19.04;50;NULL
0014D88D-9BE3-45A0-9927-5F28F9F5C366;30;3;Hurghada Marina;Sahl Hasheesh;20.57;68.77;30;NULL
213C94AC-F02D-4B48-BCE4-5F56009BA000;49;1;El Dahar;El Gouna;13.96;39.61;57;NULL
C0BB9D52-A01A-4118-84BD-5F9BBBC92115;6;2;Airport;Al Mamsha;17.11;60.16;65;NULL
306C3B6C-92E2-4D65-89E5-5FAA513EDA91;36;2;El Gouna;Hurghada Marina;1.86;15.09;52;NULL
D8D5F1BA-4A55-438B-9EE9-5FAC18A54387;69;1;Airport;El Kawther;3.79;20.18;30;NULL
3EE412F7-DEDE-4DD5-BCCA-5FD997072BE9;55;3;Makadi Bay;El Kawther;23.99;60.81;24;NULL
86D2DA1D-8100-4930-8496-60754DE16F39;78;3;Sheraton Road;Hadaba;9.93;30.69;39;NULL
035864C7-A57F-4077-B6A0-611F01451136;6;2;Al Mamsha;Sheraton Road;15.96;44.86;47;NULL
61D2F695-A28B-4D6E-9E86-617D0A69C464;84;1;El Gouna;El Kawther;20.28;57.68;11;NULL
0116EADC-E22C-4717-8800-6184F6F74849;45;1;El Kawther;Hurghada Marina;12.43;42.03;44;NULL
A8B86D12-6335-4B75-8314-620D945A3A73;62;2;Al Mamsha;Hurghada Marina;24.77;69.82;47;NULL
1D107329-1F2F-4410-A5A2-622AF8DD0517;81;1;Village Road;Hurghada Marina;10.52;32.44;7;NULL
CFB026C5-F462-4930-BE45-624F6A875B73;1;2;El Kawther;Airport;23.38;68.35;54;NULL
CF9C9477-ECFB-4528-B4E1-627909BF5A3A;11;1;El Dahar;Sahl Hasheesh;15.03;42.52;61;NULL
DF1C3CC0-BD4A-4632-AD78-62BF5DEBBE93;76;3;Airport;Sheraton Road;10.6;35.91;24;NULL
DFD63622-C515-47E8-B9A9-62D14B032FBE;94;3;Hurghada Marina;Sheraton Road;21.42;73.34;49;NULL
5ECFCC7C-90E4-4493-9979-63851689CA2B;71;2;Sahl Hasheesh;Airport;13.87;43.63;40;NULL
E170BA03-9D93-4B38-ADE0-63991C519BF9;4;3;Sheraton Road;Airport;23.11;57.7;67;NULL
BDEF49CC-BE14-4F5C-82B5-63A7DB6B521C;67;2;Makadi Bay;Hadaba;5.72;22.56;25;NULL
F070CFC9-3936-49D6-9231-63E30A7D6D27;71;2;El Dahar;Village Road;20.89;67.87;57;NULL
B12829E4-E743-4CA5-9246-645BF25DCB37;9;1;Makadi Bay;El Gouna;2.76;18.27;22;NULL
9A2A7BCA-249A-406B-A092-6492E300E3DA;79;1;El Gouna;Sahl Hasheesh;16.68;50.58;65;NULL
6845F248-76FE-4CF3-BD32-64AE560F2F0D;47;1;Makadi Bay;El Dahar;7.95;31.59;58;NULL
F0B123EC-97CE-44AF-B533-64AF1F833790;62;2;El Kawther;Al Mamsha;5.39;21.69;27;NULL
96B0C641-C24F-47A8-86AF-64F7016D315F;11;1;El Kawther;Sheraton Road;14.68;48.59;43;NULL
BFFE431E-2638-4F96-9EDF-6582FDBF5525;92;3;Airport;Makadi Bay;23.12;58.2;18;NULL
EBB61582-87E9-4DEF-9203-661484524C63;34;2;Hadaba;Hurghada Marina;8.82;35.81;10;NULL
846394C0-7B16-4211-BF02-661E6BB3223E;22;2;Al Mamsha;Hurghada Marina;16.35;57.81;21;NULL
99AFA6F4-1FD6-4169-A5A1-661FB5A58B5B;29;3;Village Road;Makadi Bay;4.93;22.09;6;NULL
C7283D9C-AA75-4B48-B013-66313DCCA10A;99;1;Makadi Bay;Hadaba;2.03;15.45;22;NULL
5D5F68C7-7E39-4757-B2FC-665F13EB1D17;90;3;Al Mamsha;Airport;6.52;29.49;65;NULL
241AD28C-DC45-41F8-8B1B-666980E4817B;78;3;Sheraton Road;El Kawther;10.59;31.55;58;NULL
77DCCF2C-E9D2-4469-A8A4-668E8693A0AA;82;1;El Kawther;El Dahar;6.51;23.36;27;NULL
A3FFFC75-CAF3-4870-A30A-668F41AC9837;81;1;Airport;Hurghada Marina;9.04;30.03;31;NULL
42AF4980-FA31-4F3A-9674-66D87760B0D0;43;1;El Kawther;Sahl Hasheesh;17.32;53.84;47;NULL
AC85566A-5917-4FE3-8A6E-6735F9BB0979;80;3;Hadaba;Al Mamsha;9.44;32.18;56;NULL
6CD48965-BE43-4F6B-9FD4-6746F1689423;94;3;Sahl Hasheesh;Sheraton Road;13.52;42.79;11;NULL
F8820572-C748-462C-B7F5-6785ADB6C75B;94;3;El Dahar;Hadaba;15.76;54.89;64;NULL
D68F35D2-F637-4FB6-ABCE-67B8521B6F17;4;3;Sheraton Road;Makadi Bay;16.76;51.98;11;NULL
B3931A7D-6560-49F0-AB96-67D564AB9B61;66;1;Makadi Bay;Al Mamsha;4.24;18.5;48;NULL
EB4557A9-0094-44A9-A964-6871F6EBB7FA;36;2;Airport;Village Road;15.06;49.34;7;NULL
A7792BF3-897A-4415-8B04-6894781915C3;76;3;Hadaba;Makadi Bay;9.36;32.81;37;NULL
5C10BE30-C57C-49F6-B7F9-69DA84AFC561;21;3;El Kawther;Airport;12.64;38.53;67;NULL
94348C36-202A-4F3D-ABE2-6ADE32392C45;2;3;El Kawther;Hurghada Marina;2.35;14.79;36;NULL
63BFF4F0-F2A3-4E36-85C7-6ADF7DA574C9;86;3;Village Road;Hurghada Marina;23.34;58.02;58;NULL
7EE6DCB0-6FD8-46FF-89F0-6AF5344CBDA8;56;3;Hurghada Marina;Al Mamsha;12.04;36.09;52;NULL
69022C59-F6D9-4E56-9866-6B103148C378;90;3;Makadi Bay;Airport;5.21;22.66;10;NULL
50506AB6-2785-42C7-9C19-6BBF85C7803D;32;3;Village Road;El Dahar;23.5;78.51;25;NULL
81A41CB4-482F-4D9A-8800-6BD560BAEB70;50;3;El Kawther;Sheraton Road;7.58;32.53;39;NULL
70D37D06-DC33-4DB9-9C58-6BF699D0665C;46;2;Village Road;Hurghada Marina;13.69;50.8;69;NULL
A3D05CAC-D105-4864-9936-6BF795C99588;88;2;Hadaba;Village Road;20.24;64.38;41;NULL
00BA5323-DAE3-4A15-AE91-6C3C4DC9E9CE;91;2;El Dahar;Sheraton Road;2.47;17.13;41;NULL
27C795BF-84A0-468E-8F0B-6C6C8037CF8B;23;2;Sheraton Road;Makadi Bay;11.23;42.56;16;NULL
07612D10-3623-44C5-B8CB-6C7E71895085;30;3;El Dahar;Airport;7.78;29.04;18;NULL
890C38C4-5DA3-4BAE-946A-6C9BA2204F21;61;1;Hurghada Marina;Hadaba;22.6;74.89;56;NULL
6FA5FC74-8C67-4F3B-8BE0-6CEF43E74327;73;2;Al Mamsha;Airport;7.9;31.15;56;NULL
57928911-39E9-4704-A422-6D0E65681B6C;99;1;Hurghada Marina;El Gouna;6.91;25.31;59;NULL
80B7F3A6-7553-4F4C-84DE-6D3637F835B1;61;1;Hurghada Marina;Airport;7.42;31.32;14;NULL
CDC5B613-4F4D-4CA1-B250-6D38EAC3013F;92;3;Airport;Village Road;18.86;52.61;28;NULL
89FE5CA8-7E5B-4AA7-9AC0-6DB13DC74742;34;2;Makadi Bay;El Gouna;2.82;16.68;7;NULL
8663D8A2-2CA0-433B-B8B2-6DD3B26B0072;6;2;Makadi Bay;Hadaba;23.93;58.14;13;NULL
829D4F8F-457A-4928-A216-6E99DAFC8875;78;3;El Gouna;El Dahar;12.51;42.15;34;NULL
670C38A0-57FF-450A-A0DB-6F143231EFEC;58;3;Sahl Hasheesh;Makadi Bay;1.38;13.04;57;NULL
32344205-36C1-40C4-8B8C-6F4EAD6F38F4;1;2;El Gouna;Sahl Hasheesh;6.14;26.7;21;NULL
6AD4B68E-2ABE-4742-82B4-6F675AB58515;94;3;Hurghada Marina;El Dahar;12.57;46.29;15;NULL
AE6C179E-8632-47FE-B076-6FAA60C0A98A;84;1;Village Road;Sahl Hasheesh;3.83;17.89;61;NULL
420CAED0-97A2-4B25-A8C9-6FFFAEC9BD39;24;1;El Dahar;El Kawther;14.89;53.8;66;NULL
C9131E43-DEA6-4FCA-82E1-70200F4E3EA6;59;3;El Gouna;Sheraton Road;15.32;54.65;38;NULL
6A8B9CA4-859F-4290-83B7-7076550C5D1C;64;1;El Kawther;Sheraton Road;20.03;65.85;28;NULL
06CEADF4-14C6-43E8-A589-70C4BF96A90D;39;3;El Kawther;Hurghada Marina;6.12;24.76;43;NULL
15E3C129-E281-4172-8F95-71250B48BFFC;45;1;Sheraton Road;Village Road;17.05;53.7;60;NULL
484BEBF9-2BBE-45F5-B56F-71824C46D8CA;92;3;El Kawther;El Gouna;10.24;39.27;64;NULL
FD4E9243-01C7-4569-8000-71BABB8F7D52;23;2;Hurghada Marina;El Gouna;1.17;12.95;14;NULL
AE6A0AEC-BAA9-49D3-8E8F-71CF94ECDE71;23;2;Village Road;El Kawther;18.16;53.66;68;NULL
F5E08150-8F9F-4C9B-ADD8-722F21948F57;85;3;Makadi Bay;Hadaba;7.2;27.7;64;NULL
C211CE7B-EA0E-4520-A94B-7246320B0F9C;4;3;Village Road;El Dahar;19.72;54.16;68;NULL
3976A5B7-C7D7-4974-917F-725C2BC43E85;36;2;El Dahar;Hadaba;23.29;57.13;20;NULL
64B0B0F9-37A9-41CF-A92C-72D82B116D8A;100;3;El Gouna;Hadaba;23.85;81.42;50;NULL
603E11B7-92BF-4F79-AC3D-73F65B01BF28;23;2;Al Mamsha;Village Road;15.29;48.53;58;NULL
E28BA741-8E27-423B-8779-73FCBFA711DA;46;2;El Dahar;Hadaba;5.24;23.64;17;NULL
2D44B771-358B-43F6-8EAF-742CB96896C2;41;2;Hadaba;Sheraton Road;7.73;26.86;68;NULL
4CF3FDEA-3895-4847-9982-744DAD4268EE;33;3;Makadi Bay;Village Road;23.03;56.87;40;NULL
8D8933C1-89C6-4709-B8B2-744EE959BF37;6;2;Al Mamsha;Airport;16.7;58.93;31;NULL
3F769CE8-9230-4413-BCA2-7474AFA1D98A;57;3;Sahl Hasheesh;Hurghada Marina;22.91;76.11;31;NULL
D1932283-3F45-4B54-921F-74A57CF95B57;50;3;Airport;Makadi Bay;21.14;62.96;47;NULL
64644753-4D75-4487-9EB3-74BF83D6D1B0;24;1;Village Road;El Gouna;17.38;54.54;38;NULL
D335C01F-84A1-43C2-B3DE-74C3D621D9ED;77;3;Village Road;Hurghada Marina;14.43;41.72;63;NULL
F11CFC9F-068C-43FA-862E-759B163CF2A0;28;3;Hadaba;Makadi Bay;3.92;21.55;69;NULL
AC0AEA3B-B272-4A16-8675-75CA8E8F70ED;9;1;Village Road;El Gouna;20.05;60.75;58;NULL
5BA8D529-08B1-4535-8CCD-75CC98692AC7;5;2;Airport;Al Mamsha;15.15;42.86;39;NULL
7A047465-6A8A-414D-AFAC-76B9D720AC76;95;2;Sheraton Road;Al Mamsha;6.75;25.28;66;NULL
C2E68477-ACAF-4968-9C5E-76DE93F72020;41;2;Village Road;El Kawther;22.65;72.97;51;NULL
42764FE6-4A66-4275-8F70-76E0D34FDF56;26;2;Al Mamsha;Sheraton Road;23.28;73.28;42;NULL
FD33FBFF-53C0-4296-BA3F-773EC4B4D821;54;2;Sahl Hasheesh;El Kawther;21.04;69.54;59;NULL
B45813F5-ED24-46BD-8225-77DB29F9FDD2;16;1;Sahl Hasheesh;Makadi Bay;21.62;72.86;26;NULL
EAEE16F0-AD30-47F1-BEAB-784431524AB2;74;1;Makadi Bay;Hadaba;16.25;46.33;48;NULL
ADA76E33-6D12-4EC0-9896-78690C724B3D;69;1;El Gouna;Hurghada Marina;2.85;18.03;6;NULL
73DB18A4-7DBC-4F53-BEA4-795A4A2152EE;88;2;Sheraton Road;Hurghada Marina;24.43;77.57;9;NULL
B87E64D3-4CD4-44C3-82C8-79D74D87965D;22;2;Hadaba;Al Mamsha;17.06;47.92;6;NULL
D4494CBB-48ED-448F-BAAD-7A18CBC917CA;83;1;Makadi Bay;Village Road;15.34;44.11;54;NULL
3874506F-8729-4EAE-88E2-7A9D06F12C43;76;3;Hurghada Marina;Sheraton Road;21.55;55.82;67;NULL
C2794576-2520-46F4-9C3B-7AB510CA3661;50;3;Hurghada Marina;Sheraton Road;11.34;43.9;55;NULL
F81D7517-1AF5-49A1-BFFF-7ACFAD78BFF3;44;1;Al Mamsha;El Dahar;11.74;35.06;56;NULL
0E5F1909-79D1-4348-9B2D-7AD2C4F6436F;28;3;El Gouna;Airport;17.79;57.81;19;NULL
21139B1B-3CBE-4639-AB02-7B26AE0A1885;47;1;Makadi Bay;Sheraton Road;11.7;41.53;63;NULL
45F8BC87-0E80-4971-BEB9-7B6757566146;53;3;El Kawther;Hadaba;17.44;57.36;19;NULL
B3E147CB-4955-4496-B5EF-7B727E850820;71;2;Hurghada Marina;Airport;5.31;20.88;38;NULL
EF504A71-0AE5-4F72-BA35-7B9A108C8AD8;17;1;El Dahar;Village Road;12.61;44.42;51;NULL
5E412787-66D6-4DEF-BA04-7BC9D37F01CD;33;3;Makadi Bay;El Gouna;9.1;31.96;70;NULL
7D326131-27EC-4095-9465-7BD1B6A4D198;59;3;El Dahar;El Gouna;4.93;21.22;16;NULL
FF331B38-C2F8-4806-B51D-7BFFD8F8A6EA;37;1;Makadi Bay;Hadaba;18.01;55.88;23;NULL
8923AC4E-60B0-4B75-B86F-7C6B4E01B09F;91;2;Hurghada Marina;El Kawther;9.48;38.2;54;NULL
860ECE82-1B8E-4E90-AEDA-7CDF4B4ECB43;68;3;El Gouna;Makadi Bay;1.83;15.17;17;NULL
98843E9F-4254-4927-9568-7D0FC92C8B3B;70;3;Sahl Hasheesh;El Gouna;23.7;69.49;18;NULL
D709E9F0-D794-4D58-A884-7D2ACC85FA6B;71;2;Airport;El Kawther;1.72;14.46;49;NULL
993CF274-3765-433F-8371-7D68BE161E66;61;1;Airport;Sheraton Road;15.89;43.2;49;NULL
93C0F8A2-610F-4037-87C6-7D7AE6633491;73;2;El Gouna;El Dahar;13.78;44.97;18;NULL
5F92BCAE-F009-491B-A64D-7D80DD3EBB18;88;2;Sahl Hasheesh;El Dahar;15.02;50.46;27;NULL
21C27F8A-56AE-41E7-A057-7E57208B8C74;64;1;Makadi Bay;El Dahar;9.29;36.74;20;NULL
2B06D4E4-DBE0-4993-8CA0-7EBAF984979E;49;1;El Kawther;Hurghada Marina;20.43;52;43;NULL
F9B0F108-DAD6-42CB-8EDA-7ED662731247;2;3;Makadi Bay;Hadaba;4.49;22;6;NULL
5A72F937-7F79-48EC-A810-7F300A23B38A;91;2;El Dahar;Makadi Bay;19.67;50.11;25;NULL
DCF842F4-C486-40FC-8976-7F77EC27A3AC;49;1;Al Mamsha;El Dahar;1.63;13.52;31;NULL
D4F9418C-67AB-46B7-8E04-7FD5799181B0;60;2;Airport;Sahl Hasheesh;18.51;63.34;29;NULL
6742B1C4-1D1D-45BB-8691-7FD5D89E9AEB;48;3;El Dahar;Makadi Bay;14.07;44.49;44;NULL
082D3F46-B027-401B-B2F9-801BB746E076;87;2;Al Mamsha;Village Road;18.28;48.73;70;NULL
BB00A47B-EC65-4BE0-9345-80E57CD6A422;19;1;Hurghada Marina;Al Mamsha;13.96;42.49;65;NULL
1982D2F8-6101-4387-ADAE-81266DE91BBC;4;3;Sahl Hasheesh;Airport;20.5;64.19;42;NULL
4EF8F258-E635-4701-9D77-812BCF0674A8;8;1;El Dahar;Sahl Hasheesh;7.57;31.13;63;NULL
B3720DD9-A1A1-4E21-8C0E-813E64402EC7;22;2;El Gouna;Village Road;8.38;33.88;47;NULL
2B888730-B767-4735-B6A0-81ADF792E7E1;80;3;Hadaba;El Gouna;17.64;46.66;28;NULL
686FDCFA-8772-42AF-BF8A-81C80C710489;48;3;Airport;Hadaba;2.68;16.37;67;NULL
058441B7-F26B-4BDC-A5FA-81FBCC459CD7;96;3;El Gouna;Airport;24.95;78.77;43;NULL
04B9F329-E06E-45F2-B015-825347B85E9D;32;3;Village Road;Sheraton Road;22.2;71.61;15;NULL
A1CCA2E9-B875-4F57-88C5-828CF685B018;64;1;El Gouna;Village Road;14.97;43.04;9;NULL
04BF6E09-0A2D-4829-8AB7-82B399854088;49;1;Sheraton Road;Al Mamsha;2.8;18.35;11;NULL
B9191991-9C84-409C-ABE3-82B6A7E6ADF1;36;2;Airport;Hadaba;17.38;47.66;63;NULL
0BF6F516-4D12-4A33-8D14-82BFE843EFF4;6;2;El Kawther;Airport;20.62;53.21;24;NULL
82B0C728-2ADD-4603-83B4-82D7BE209F6F;50;3;Airport;Sahl Hasheesh;21.12;53.28;22;NULL
679AC500-0E2C-4089-9D5E-82D8B0A04FD7;94;3;Al Mamsha;El Kawther;20.34;60.51;43;NULL
F71C1DF1-6681-4A3D-8476-834E2F19783B;49;1;Sheraton Road;Hurghada Marina;5.02;20.48;30;NULL
B6862CF8-FBB7-46B1-B19A-83625316845E;100;3;El Dahar;Al Mamsha;2.5;17.34;45;NULL
3464D553-DDEE-4FD6-864C-8396DD95550E;76;3;El Kawther;Village Road;18.99;62.38;34;NULL
3C722931-D129-4693-907E-83C6ACB7E842;16;1;Al Mamsha;Hurghada Marina;12.61;36.6;12;NULL
18F43753-7218-49C0-8FC2-83CBDFFA2A15;27;3;El Kawther;Sheraton Road;19.2;60.85;10;NULL
51BB5B14-EBCA-46DB-9F84-843BBDF416B9;58;3;El Dahar;Village Road;1.85;15.02;44;NULL
624919C8-AD9E-40B9-861D-845A099BE1DA;35;2;Village Road;Airport;6.09;27.31;66;NULL
ECFF2799-1C42-4548-B46C-8462D316275F;85;3;Airport;Hadaba;23.5;66.12;55;NULL
56D818E3-7F59-4E2B-AA59-84691CF7C009;16;1;Hurghada Marina;Makadi Bay;24.96;82.49;30;NULL
B7FA3D76-83C8-4EB7-8855-8489C55D7148;79;1;Airport;Al Mamsha;11.93;35.67;56;NULL
CF38975B-AC23-4287-AB8F-849545C7702F;75;2;Al Mamsha;Sahl Hasheesh;10.51;36.44;55;NULL
1BE268CB-6142-4990-A456-84A34A8CBF89;43;1;El Kawther;Hadaba;5.72;24;70;NULL
67CBDF38-D0EB-445B-B879-84DBA446D603;79;1;Sahl Hasheesh;El Kawther;6.44;26.65;23;NULL
F61D8718-BF5B-40D6-93BB-850AED9879E0;83;1;El Kawther;Hurghada Marina;3.78;18.71;66;NULL
EDDC877E-82D7-4FB5-A9F0-85198BA52EAA;51;3;Makadi Bay;Sahl Hasheesh;24.76;79.75;16;NULL
7823AF8D-C7E4-4C6D-A52F-8582B747F97E;96;3;El Dahar;Village Road;9.53;35.14;29;NULL
A0379FCA-D115-4F3D-94C3-8588E7E3F188;60;2;Sheraton Road;Airport;22.16;73.31;38;NULL
1046B0B6-12B6-44BD-89DB-85B05331E1D6;42;3;El Dahar;Hurghada Marina;2.66;17.64;65;NULL
389247C0-5372-483C-A363-85CB1A240E95;9;1;El Dahar;Village Road;4.76;22.53;38;NULL
792543D1-C1BC-4A6F-8160-863B3E1E3193;28;3;Village Road;Makadi Bay;15.6;45.08;47;NULL
451F4C85-B01F-412F-843F-863CB1EE32DE;43;1;Makadi Bay;Hadaba;16.54;55.54;35;NULL
1BA07655-B8F4-42E6-856F-867A86833870;79;1;Hurghada Marina;Hadaba;4.49;19.4;56;NULL
4A92F607-7A06-49EA-950B-86F10D800F47;55;3;El Dahar;Sheraton Road;5.95;22.35;59;NULL
42F2EEEE-056F-4FDE-9659-873893642CA8;65;3;El Kawther;Hurghada Marina;5.76;23.39;50;NULL
25AB1FC8-5C65-4C4A-A73A-878D45CD6AB5;77;3;Al Mamsha;Hurghada Marina;21.06;66.81;38;NULL
1C70D933-47C1-45DD-A92C-87B3E50B9ECC;88;2;El Gouna;El Dahar;12.99;38.65;28;NULL
CEB21CFA-F6DC-4F18-81CC-87D5E53A0A37;87;2;Airport;Sahl Hasheesh;16.12;48.24;46;NULL
ECAF7CD3-B28C-4C75-AB15-87EB4698B998;7;1;Airport;El Kawther;24.58;61.96;10;NULL
C1A940A4-97F1-462E-A10E-88D0B52FB822;94;3;El Gouna;El Dahar;1.34;12.86;28;NULL
B9437168-780A-41CD-8E47-899123EC69C2;16;1;Makadi Bay;Sahl Hasheesh;20.1;52.6;32;NULL
9928894A-6DE7-4AAD-BDDD-8A0BA745EEE3;88;2;Al Mamsha;El Kawther;6.29;23.22;63;NULL
F881305B-30F3-48F4-93DE-8A45C823D092;87;2;El Kawther;Village Road;13.64;45.19;59;NULL
49EA83F6-CBCF-4D23-BF07-8A76EF95505B;62;2;Airport;Village Road;8.3;27.26;29;NULL
DBA11858-6FA2-495E-818C-8B6AD78D70F7;77;3;Hadaba;Sahl Hasheesh;4.43;20.26;70;NULL
4261D646-8220-4C6A-BA7C-8B962D8C7D28;1;2;El Gouna;El Dahar;7.72;26.4;23;NULL
D57BC8D6-E2FB-4901-AB47-8C5692C3AF60;42;3;El Kawther;Hadaba;2.74;16.48;34;NULL
FC42E57E-E3BE-40F6-8E75-8C6FE8C8426E;4;3;Hurghada Marina;El Kawther;23.35;74.64;64;NULL
032EDDB9-CE35-4676-9BA5-8C8D81FEEB11;60;2;El Dahar;Airport;3.07;17.61;61;NULL
385B39A1-659C-4575-ADC5-8CE0F0B72EF9;44;1;Hurghada Marina;Sheraton Road;8.16;30.16;64;NULL
1499FF2F-ABDA-47E5-B66A-8D43ADB1A052;26;2;Sheraton Road;Airport;6.42;25.22;21;NULL
F07D8EFE-8BA2-40F9-A5AF-8D976658C93C;36;2;Hurghada Marina;Hadaba;21.51;65.53;21;NULL
C98F086E-6474-4FAF-AC65-8DB9672279B0;6;2;Hurghada Marina;Hadaba;6.22;24.65;34;NULL
F08BD144-A9EB-407F-9407-8DBF0FF3A8C4;75;2;Al Mamsha;Sheraton Road;2.67;17.97;18;NULL
CC991CE6-EF16-4BE7-995E-8DC8E74647E5;43;1;El Dahar;Al Mamsha;9.78;30.79;11;NULL
9EAE9723-90A5-450C-A9EE-8E170985DA01;25;2;El Kawther;Village Road;22.25;67.87;34;NULL
74C2CE92-2A91-46CA-9DCF-8E2E4E80CC51;23;2;Hadaba;Sahl Hasheesh;4.34;19.7;50;NULL
EF6704F8-7C2B-4D4B-B14A-8E4CC176ACF2;46;2;Hurghada Marina;El Dahar;5.23;24.3;8;NULL
8A86C358-21DB-436C-AA22-8EA065924042;41;2;Makadi Bay;Hadaba;11.02;41.63;10;NULL
776D950B-6ABF-4B97-9308-8EA683087BB7;52;2;El Dahar;Sahl Hasheesh;17.67;58.23;27;NULL
D5AA0182-CF4D-4FBB-AD68-8EC75D7FE1A2;69;1;El Gouna;Village Road;11.96;34.67;42;NULL
17E02A40-16B3-4B9E-98C8-8ED94F2CF27C;85;3;El Gouna;El Kawther;21.86;69.58;31;NULL
E96ED432-8D8A-4C1C-AF1F-8FEE728F276B;46;2;Airport;Makadi Bay;4.47;19.37;56;NULL
48D985FA-2B20-4C88-BBDA-90308EF6287A;2;3;Al Mamsha;Makadi Bay;21.04;65.91;23;NULL
D8DAFD52-5C4F-42F5-AD42-9050B1213F1C;18;3;Sheraton Road;El Kawther;8.35;32.27;49;NULL
093059C6-F8C3-4C43-A0BF-908C0F2C6EFB;25;2;Makadi Bay;Hadaba;20.9;60.46;56;NULL
61589446-B476-4AF0-80AF-90980FC32C59;71;2;Hadaba;El Dahar;21.76;55.11;21;NULL
BD45A553-2F81-42B8-940E-90AC355173CE;46;2;Hadaba;Sheraton Road;24.62;66.17;69;NULL
42497EDF-5C07-4C22-8D66-90C9E372405D;21;3;Makadi Bay;Airport;16.94;56.45;18;NULL
8C39D505-BEF6-449F-AD8E-90F3D131CB8C;97;3;El Kawther;El Gouna;9.12;37.26;32;NULL
A21E3D37-E4D8-4FB3-B22D-911E80D5D2ED;36;2;Hurghada Marina;El Kawther;18.83;62.39;54;NULL
776548FD-F3A9-430D-9617-92200D301071;28;3;Hurghada Marina;Al Mamsha;19.2;57.75;37;NULL
AD9914AE-038C-4D57-93A0-923B793D63A8;73;2;Sheraton Road;El Gouna;4.95;20.26;19;NULL
1F78C84F-6F0A-4F75-8C39-9246465CF317;66;1;Sahl Hasheesh;Sheraton Road;15.74;46.61;63;NULL
40C579F4-661B-4384-BFD1-924CE9A47FAA;29;3;Hurghada Marina;Airport;11.77;44.96;14;NULL
FEC7FD7F-C783-4725-823E-927D86111802;87;2;Airport;Village Road;19.4;57.56;42;NULL
6C74BF4F-4F57-4E03-95CA-930529AF5CA4;22;2;El Dahar;El Kawther;16.02;46.62;19;NULL
204BAC4E-BA55-46BF-AA61-93548B7C38BB;27;3;Hurghada Marina;Sahl Hasheesh;14.22;42.49;47;NULL
A3B1EC91-87B0-44F0-8910-9362AB5C97AE;36;2;Makadi Bay;El Dahar;2.36;16.74;57;NULL
90BF634F-0C5C-4CF4-A995-93A37E8BCEB5;74;1;Makadi Bay;Al Mamsha;20.84;53.25;44;NULL
8B6DD4A9-228A-487B-ABCC-93DDED9AD876;51;3;El Gouna;El Kawther;12.81;47.13;36;NULL
B91FB6B5-20F3-45D3-A079-93F16C556313;86;3;Village Road;Sahl Hasheesh;13.9;43.87;35;NULL
8AC4650D-3874-4CA6-879C-940E11BF0755;8;1;El Gouna;Village Road;6.6;23.53;32;NULL
2CDA7291-0ADF-461A-9E6E-94113CE0A80F;24;1;El Gouna;Hurghada Marina;9.42;37;15;NULL
E1671688-1BA9-4E98-ADB1-9444E3281E04;98;2;El Gouna;Sahl Hasheesh;11.04;32.42;67;NULL
3FDBAE4E-9AC1-41A5-A201-94900EE6E067;7;1;Al Mamsha;Hadaba;2.48;16.27;47;NULL
B951729E-670B-4B87-A9F1-94A22CFBA3D0;41;2;El Kawther;El Gouna;15.99;48.3;22;NULL
CC09AA11-FAC5-4CA2-A0A3-94F7F46CA5A1;77;3;Sahl Hasheesh;Al Mamsha;19.34;64.71;16;NULL
825A6F62-A5A0-48D4-93BA-94FD31CC754F;45;1;Hurghada Marina;El Gouna;23.58;62.02;36;NULL
84773EDB-E370-4EEB-AD54-95B16C186B5D;18;3;Sahl Hasheesh;Airport;11.47;33.42;9;NULL
F27D62BC-0040-470F-A397-9611F21C33A7;43;1;Village Road;Hurghada Marina;10.5;31.67;69;NULL
D53A4E0A-EF92-4154-AD9B-963B31E6A5D1;7;1;Sheraton Road;Al Mamsha;6.58;23.2;45;NULL
B65F221A-AA7B-4923-B909-966BC9FF2B7F;41;2;Village Road;Airport;10.94;37.16;10;NULL
34A1B83F-C740-4B7F-919A-96FDF1194704;50;3;El Kawther;Sahl Hasheesh;24.88;76.3;38;NULL
164AEA7B-1A5B-4C66-BCC4-970177A573D5;100;3;Airport;Sahl Hasheesh;10.97;40.12;15;NULL
1AD5551D-656C-4284-A003-977406586F67;73;2;El Dahar;Sheraton Road;5.89;21.81;37;NULL
9FFED094-1ED9-4D40-A8CB-97ABBE01E568;3;2;Hadaba;El Dahar;18.97;65.39;29;NULL
EC00391A-4997-4B50-A7F6-97F52D3B1351;44;1;El Kawther;Sheraton Road;13.12;36.4;44;NULL
C78800A3-3176-4C68-9BA3-982E884F1809;49;1;Airport;Al Mamsha;5.48;21.59;17;NULL
305FD0CE-5F18-407F-931B-983AF4E1B33F;97;3;Airport;Hurghada Marina;18.02;50.13;19;NULL
E44C2A32-1A4C-44CA-90C2-98616FA6AD97;3;2;El Gouna;Sheraton Road;10.51;38.15;49;NULL
8D81E2D2-4CB0-48C4-AB10-98A3AE1D5F7F;15;2;Airport;Sahl Hasheesh;18.46;57.15;70;NULL
577A2782-8DB3-46E1-9A59-98D9C5A712B9;34;2;Al Mamsha;Airport;8.98;31.17;29;NULL
A9DB8D37-E823-41BF-A441-998D5ACC3141;88;2;El Kawther;El Gouna;9.87;33.28;12;NULL
135C7315-CDCB-47F3-8F25-99A46BC31E0D;48;3;Makadi Bay;Sheraton Road;20.94;70.34;67;NULL
39F26D9E-A65E-4FD8-ACB3-99F41DA5EA3C;6;2;El Kawther;El Dahar;8.22;29.17;62;NULL
7BD4F109-DA02-4B0A-9D84-9A059F0F6E9B;3;2;Sheraton Road;Hadaba;22.1;56;58;NULL
9AED17AD-B2EC-4076-A8AE-9A10C8F4155D;27;3;El Gouna;Airport;12.07;36.49;17;NULL
D0905244-4CFC-4C47-84D1-9A1468305AC1;3;2;Hadaba;Airport;8.8;28.78;15;NULL
1FAC6B80-F308-4602-AB40-9A56B210962B;88;2;El Gouna;Sheraton Road;8.22;29.73;7;NULL
BD1C27FA-01E9-4A9E-A9FF-9A9F544D9BF7;39;3;Sahl Hasheesh;Airport;10.02;39.73;59;NULL
1F85FC2E-267C-419C-B306-9AB13C83BBC9;93;1;Sheraton Road;Hadaba;18.41;58.76;38;NULL
56143290-8163-45B6-B80B-9AE2C00DBC7B;85;3;Sheraton Road;Hurghada Marina;20.16;58.11;18;NULL
D2B19CAC-67D3-45D6-9AD9-9B0B847A21BC;67;2;Airport;Sahl Hasheesh;10.05;37.17;16;NULL
A5D6B21D-2937-4381-B6FA-9BAC5DFE93E2;48;3;El Dahar;Village Road;2.56;16;41;NULL
86622C7D-39B2-4882-8BA9-9BACA8B4E8B1;41;2;Sheraton Road;El Gouna;23.94;59.72;63;NULL
E1140FD2-52DF-4269-86AC-9BC8621E3253;30;3;Airport;Makadi Bay;7.37;27.36;55;NULL
7DF7706A-F7C3-4C88-A8C0-9C6B4224E87A;25;2;Makadi Bay;El Kawther;23.69;75.2;59;NULL
2906F00B-CD74-4EA5-A004-9C8755BAB7C4;28;3;Airport;Hurghada Marina;6.06;23.33;65;NULL
DA3986A4-2F5A-434A-97CE-9CE20984911D;97;3;El Gouna;El Kawther;2.7;17.63;15;NULL
DCA09E7E-8C59-457E-A307-9D5C2ECD24C1;11;1;El Gouna;Village Road;20.31;55.81;51;NULL
0F44D2B1-5B8B-4D9F-B7A2-9D62E309D206;61;1;Hurghada Marina;Makadi Bay;10.67;33.34;16;NULL
11DF7CC7-F474-41CB-8799-9ED2C271F98B;55;3;Hurghada Marina;El Gouna;13.29;43.58;66;NULL
24E8EF2C-7D01-4361-B204-9F8D90595EAC;42;3;Village Road;El Gouna;12.06;42.31;47;NULL
BA22E2D7-5DBD-4FEB-83AB-9FA47DA5E7C6;42;3;Sheraton Road;El Gouna;15.69;56.07;56;NULL
AC4CB557-FCA1-4D69-83AA-9FB8A5D4BBCD;32;3;Sheraton Road;Makadi Bay;12.9;48.56;29;NULL
C722C3B3-F8E2-4600-A152-A0268EDA323D;24;1;Hadaba;El Gouna;14.67;51.04;38;NULL
1EF781F0-C2CE-4268-812B-A09FB9A79667;93;1;Sahl Hasheesh;Al Mamsha;23.13;64.18;5;NULL
D409C391-5B0C-4C4F-A2E3-A0E95692C305;33;3;Sheraton Road;Makadi Bay;13.65;44.43;59;NULL
DC27E969-A8BF-4BB4-BB06-A1289F64721C;85;3;Sheraton Road;Airport;14.23;38.46;53;NULL
28B5B2A2-A1D5-4274-AAA4-A139680C499F;14;3;Sahl Hasheesh;El Kawther;22.5;76.66;65;NULL
87C80767-9BBC-4EF1-8988-A16A9C1EBAD1;61;1;Al Mamsha;Village Road;8.37;27.46;40;NULL
776B8644-04F1-44B4-8B1D-A17E4B6491F7;16;1;Airport;Hurghada Marina;14.03;43.44;24;NULL
087BFD8E-AF6E-4797-A366-A229EC95D28E;21;3;Hurghada Marina;Airport;17.21;54.57;44;NULL
D9EF256B-FB34-4B36-AFFF-A252D01020D1;75;2;Sheraton Road;El Kawther;15.89;53.98;53;NULL
3965A332-91A0-47F6-9BCF-A26909FDBCD9;15;2;El Kawther;Sheraton Road;17.09;45.03;46;NULL
5522E4BA-93CF-43BC-ACD9-A29C2CC9D9D4;90;3;Hurghada Marina;Village Road;6.37;26.73;69;NULL
6B30F639-73AF-416D-8E53-A2F600C8172B;56;3;El Dahar;El Gouna;18.09;51.5;52;NULL
6CE7143C-2695-463E-B10F-A33A7069E0C2;90;3;Makadi Bay;El Kawther;10.28;34.41;30;NULL
708D7FE8-C6CE-47D8-AD82-A364E906D665;8;1;Airport;Village Road;14.26;48.36;50;NULL
9272E35B-7AFA-42D3-BECC-A393245E6CE0;6;2;Airport;El Dahar;19.28;50.78;27;NULL
785D663C-A838-4FA9-864E-A3A862276E88;93;1;El Gouna;Village Road;20.01;56.52;37;NULL
F12E3E58-63B5-4DEF-B050-A3F88936F938;28;3;Sheraton Road;Airport;20.24;70.18;55;NULL
4A41D2DF-B0DF-4CDE-B9FA-A41DF01D7610;80;3;Makadi Bay;El Gouna;20.34;50.77;15;NULL
167B507F-D1D0-4103-8B91-A47DAEFB4E11;83;1;Makadi Bay;Hurghada Marina;18.56;63.88;46;NULL
50E43267-0D3A-46DD-8D6D-A4AB23FB6F30;29;3;Makadi Bay;Sahl Hasheesh;6.03;25.74;30;NULL
AFBB8D6A-B79E-42D9-ADFF-A5480AD1E872;41;2;Hurghada Marina;Makadi Bay;8.65;30.11;33;NULL
63160E4D-C30B-4E8F-892E-A54EFEB07647;66;1;El Gouna;Hurghada Marina;10.97;37.18;67;NULL
750E5337-FF3D-4C4B-8BBC-A57EAD190519;6;2;Sheraton Road;Al Mamsha;9.2;30.23;6;NULL
07ACAFFA-A17A-4C07-AE39-A58AC9A2ED6C;71;2;Airport;Hadaba;19.01;50.06;19;NULL
8BB880FB-7008-4BE9-9364-A5B1B5F33DAC;64;1;Al Mamsha;Sheraton Road;12.95;42.21;67;NULL
EDA1AD4E-DAF1-4847-95DB-A61F887671EB;70;3;El Kawther;El Gouna;13.79;38.77;58;NULL
E4376872-ECD2-4141-9D63-A66A786D6FF7;95;2;Al Mamsha;El Kawther;20.87;70.34;69;NULL
B845D2A8-9CAC-40AB-8AFF-A689F54F899E;90;3;El Gouna;Village Road;19.46;60.35;33;NULL
A1F208D7-7063-4869-92C4-A6FB986D41F7;57;3;El Dahar;Al Mamsha;24.31;71.82;67;NULL
55C4AF09-FB46-437C-B0B8-A7094172161A;44;1;Makadi Bay;El Dahar;18.6;57.98;42;NULL
9F111445-4EEB-425D-8683-A7F230522A81;84;1;Hadaba;Hurghada Marina;23.32;79.51;34;NULL
AA9B6AEE-FE39-40D4-96E0-A842A20F6DD0;25;2;Sheraton Road;El Gouna;24.28;69.63;13;NULL
B297868A-AB4E-4E10-8358-A868E2577658;45;1;Sahl Hasheesh;Al Mamsha;16.18;47.59;67;NULL
7DEAAE1E-9853-45A2-BD02-A8B977B7B0C9;11;1;Sahl Hasheesh;Al Mamsha;20.66;66.15;24;NULL
F0B2E8A3-996B-4DDE-B5A3-A963DA52B000;30;3;Village Road;Makadi Bay;16.43;55.35;44;NULL
02A2CC6D-F56E-4F78-BA29-A96F664B1EBF;63;2;Village Road;El Gouna;8.68;28.33;22;NULL
11E4E431-80DE-4049-A091-A998345D4012;87;2;Airport;El Kawther;21.62;60.46;12;NULL
6532469C-9601-42DC-B913-AB59E9ECD10A;96;3;Hadaba;Sheraton Road;16.98;52.88;26;NULL
A6164A0A-C3E7-4159-A097-ABD128FF1B95;7;1;Sahl Hasheesh;El Gouna;14.46;41.64;12;NULL
9E978CF1-832B-4F1E-88DE-ABD4142D9AEE;13;3;Village Road;Al Mamsha;12.04;34.12;53;NULL
C8CAF908-FDFF-46DB-9B13-AC531697FD58;11;1;Village Road;El Gouna;15;40.94;27;NULL
98E78267-06F1-4CFC-BBAF-AC88D72CBF15;22;2;Sahl Hasheesh;Hurghada Marina;17.35;54.92;39;NULL
8EDC46A3-CEAB-4622-B8CF-ACA790008FED;37;1;Airport;Al Mamsha;6.39;23.93;59;NULL
12A68FE4-4103-47AA-98C4-AD1310AB806E;77;3;Sahl Hasheesh;Village Road;22.7;69.22;38;NULL
612D9E91-EF8A-4E7A-A073-AD58C70672C4;94;3;Hurghada Marina;Airport;2.34;16.11;24;NULL
101E1816-EFA4-4C9B-ADB1-AD65EEEC54D1;78;3;El Dahar;Airport;23.05;64.97;14;NULL
CA8438BA-86AC-4810-95F2-AF72BD057457;99;1;Airport;Sahl Hasheesh;21.22;60.5;19;NULL
495E9E13-C915-435A-919C-AF9A17D6E017;90;3;Makadi Bay;El Kawther;12.69;37.79;42;NULL
6B01E440-62C4-4B51-A7D3-AFA4F35EE4DD;40;1;El Dahar;El Gouna;19.86;66.29;45;NULL
6F1AD93D-0BDF-432A-B360-AFDA8C461A8D;5;2;Hadaba;Sheraton Road;11.53;38.69;51;NULL
2492D5AD-2BAD-4A4D-8F06-B04DB073D8DC;15;2;El Dahar;El Gouna;7.06;25.26;20;NULL
3BADAD4E-FDAF-4F1E-ABD8-B0B17B0A43EF;55;3;Sheraton Road;El Kawther;13.18;43.73;57;NULL
B69CC945-E7A7-47A3-90B0-B0FE53756A91;86;3;Airport;Hadaba;11.21;34.4;53;NULL
ACBAB6FE-4AB1-4EE3-8BEF-B16931FC0137;99;1;Sahl Hasheesh;Hadaba;13.89;40.12;68;NULL
9C235365-A227-4CEA-BACF-B19D36789EBA;48;3;Hadaba;Airport;7.22;27.96;21;NULL
E30B1B61-F947-4BB8-90C8-B1B80C0790EA;57;3;Village Road;Al Mamsha;21.56;63.56;41;NULL
1A86CDD9-5B48-459A-BB21-B1C4773F7455;87;2;Airport;Hurghada Marina;4.52;19.88;24;NULL
08716B17-0A19-4947-B1D0-B20EE2805FD9;47;1;Hadaba;El Kawther;8.85;35.14;15;NULL
C7500AB4-CE31-4529-99B0-B21439B19D30;96;3;Airport;Village Road;24.8;71.35;67;NULL
99B5250F-A52C-491F-B260-B2592C8B2517;64;1;Hadaba;Airport;23.87;61.28;33;NULL
9A2769B9-F5BE-4225-8A9D-B25DBBF4EE3B;92;3;Village Road;El Dahar;21.63;70.23;15;NULL
8719B31E-BCAA-40A9-AA21-B26BB4F55310;66;1;Sahl Hasheesh;Makadi Bay;10.41;36.84;29;NULL
A5164EC9-B91D-4342-9723-B277457D4FFD;40;1;Sahl Hasheesh;Sheraton Road;4.05;19.01;32;NULL
299463B9-F634-44C7-A460-B31E2CE4E0A1;97;3;El Dahar;Makadi Bay;24.16;68.12;30;NULL
3E80C310-0850-4A0B-8D6F-B38D59884F64;23;2;Sheraton Road;Hurghada Marina;19.39;65;21;NULL
DB8F7414-4F5A-4C17-8D1F-B48CB5E95ACF;35;2;El Dahar;El Gouna;19.84;67.56;14;NULL
99A610A8-CCB4-4DB1-8A6D-B4D43A95B488;88;2;Hurghada Marina;Airport;9.04;34.96;39;NULL
483D1790-031E-473C-A4CE-B4F9ECC19BD8;37;1;Sahl Hasheesh;El Dahar;18.82;60.57;58;NULL
C8C7F00A-E689-4EAF-9A41-B5A0C113F9B0;96;3;El Kawther;Village Road;13.82;50.95;52;NULL
4E7EA09F-93E3-42DD-9A38-B5D31C509FE9;41;2;Village Road;Airport;20.28;50.57;35;NULL
DF7D552B-909E-4FF9-9F45-B5ED0C69325C;77;3;Village Road;El Gouna;16.92;47.62;61;NULL
E8D4B872-7003-403C-B2F6-B68B1AD52A42;32;3;Hurghada Marina;Airport;3.81;19.29;53;NULL
0BF24632-778A-4F53-934A-B6D759F10212;17;1;Hadaba;El Kawther;10.28;39.89;10;NULL
0291AA6F-B045-47A7-9FE3-B7901FE2CB31;86;3;Airport;El Dahar;21.87;61.6;35;NULL
2E756C2E-6F2A-46B3-9FB3-B7F056A28912;15;2;Hurghada Marina;Makadi Bay;19.19;48.76;39;NULL
C5EAF6B1-AF41-42F1-9FC4-B80433DB6B3A;10;3;Hurghada Marina;Hadaba;4.27;21.13;28;NULL
9B761159-1EAE-4096-9FAB-B83A1EC4CA1A;24;1;Makadi Bay;Sheraton Road;14.42;50.2;18;NULL
E05EF369-CF8E-4C94-A569-B84437B79B88;90;3;Makadi Bay;Al Mamsha;10.34;31.53;10;NULL
1756FBD0-6AD4-45B4-9B1C-B86A5DD2BAC2;64;1;Hadaba;Sheraton Road;16.39;56.19;56;NULL
1F6114E2-3A06-4C6F-8089-B88759490019;76;3;Hurghada Marina;Sheraton Road;14.22;49.86;43;NULL
D43F30BC-3AF6-4B4E-AEFD-B89311200EA1;97;3;Sahl Hasheesh;Hadaba;15.45;41.24;56;NULL
89BAE3F4-698C-4E0D-B3EB-B920A162CA67;11;1;El Gouna;Sahl Hasheesh;23.79;64.87;38;NULL
E5D9D9AE-FF25-4495-B3C0-B92F473C65FF;95;2;El Gouna;Al Mamsha;23.79;78.72;68;NULL
764ED616-9C07-428D-AABB-B94486F96E1A;25;2;El Dahar;El Kawther;6.37;23.69;31;NULL
D8DC3DCC-0B57-498A-8F21-B97DD214FEB9;32;3;El Gouna;Hurghada Marina;9.83;37.38;38;NULL
A3B9E630-BE54-4CD7-A51E-B9C6AFE1579F;89;2;Sahl Hasheesh;El Kawther;10.77;40.81;54;NULL
32CFACFC-3ECD-4456-A9B8-B9D45C33E6C1;100;3;El Gouna;El Kawther;20.63;70.72;32;NULL
71786AAD-37EA-45F5-8658-B9F6B6588530;39;3;Sahl Hasheesh;Sheraton Road;7.78;30.18;29;NULL
6619486C-F5D3-40C1-9692-BA329319DA82;64;1;Makadi Bay;Al Mamsha;20.13;61.38;15;NULL
94D14B8E-B4CB-4EB0-B158-BA59B18931EC;63;2;El Kawther;Airport;4.34;18.93;34;NULL
0A71D2BA-3F63-4775-9FA8-BAFFF0EE642E;11;1;El Dahar;El Kawther;24.92;68.27;44;NULL
F9A7BF83-7B4D-43B0-B5E0-BB5D2E31B8E4;94;3;El Kawther;Hadaba;13.88;43.58;20;NULL
C617BEFE-5C56-45B8-AA9B-BB672A20A00C;90;3;Makadi Bay;El Kawther;5.13;22.23;59;NULL
EB53F1F3-B790-485C-A804-BBCF86D08328;16;1;El Dahar;Hadaba;3.61;20.5;61;NULL
BBB78D8B-F35C-4817-807D-BC04FC072D5C;54;2;Hadaba;Hurghada Marina;11.97;41.82;18;NULL
2F130834-9A1F-4286-8534-BC1E98700A5F;16;1;Al Mamsha;Sahl Hasheesh;12.76;37.26;66;NULL
B7091EDC-1622-4556-8694-BC2631731EF5;57;3;El Kawther;Airport;14.89;40.36;21;NULL
2CCEC4C6-DD47-4D11-891F-BC43A047F6CD;83;1;Hadaba;Makadi Bay;24.35;62.82;43;NULL
7147515A-25D5-46A3-A120-BC5CE498D0F5;12;1;Sheraton Road;El Kawther;2.96;16.67;25;NULL
821027B1-4490-42A7-A353-BCC36C59CDE3;46;2;Sheraton Road;Sahl Hasheesh;8.19;27.92;26;NULL
69FB40F9-AB6D-4381-B410-BCCFFCD7DB1B;78;3;El Kawther;Sheraton Road;11.17;41.3;66;NULL
EE0968A8-A9AA-4E68-8822-BD40DE5CDE0E;35;2;Hadaba;El Kawther;20.08;58.2;68;NULL
8995B31B-24D6-40EE-BD8B-BD87CADE9452;83;1;El Kawther;Airport;12.82;48.43;56;NULL
65C0FDFD-D36E-4BAB-A5E0-BDC6D7442957;58;3;Village Road;Hadaba;8.03;33.63;34;NULL
D387EBE4-2376-4305-988D-BDDC7667CB5C;68;3;El Dahar;Hurghada Marina;19.49;53.56;34;NULL
5B23F1D8-9C48-44FA-8EC4-BDE80BE0C1A8;99;1;El Dahar;Makadi Bay;19.84;53.83;38;NULL
F8B26661-F643-471F-97E6-BE3658B7C2DE;75;2;Village Road;Hadaba;3.1;17.37;7;NULL
915A7871-AF46-4413-8934-BE8A68FD3C2B;2;3;Makadi Bay;Village Road;7.99;27.33;69;NULL
33509BC3-C709-4754-9BE7-BF20BE8AB738;28;3;Airport;El Kawther;15.95;45.44;42;NULL
363A121D-3C33-4518-9C73-BF7355EC64DA;25;2;Village Road;Sahl Hasheesh;1.65;13.33;45;NULL
59667A87-21DD-43E6-9E98-BF7FC55B4C85;29;3;Sahl Hasheesh;Airport;8.74;30.97;13;NULL
F6E397DE-20DF-4F3B-90DC-BF816942EB1C;36;2;Village Road;El Gouna;19.83;64.01;57;NULL
DAC19BD3-EA5E-4CE9-B8E4-BFA972514959;32;3;Airport;El Dahar;9.97;31.28;62;NULL
A76EDD60-C4DC-4801-9C4E-BFC8A374C5A6;47;1;Village Road;Sheraton Road;21.88;61.63;53;NULL
9D993141-42B3-4352-8A17-BFC9615BADF5;95;2;Sheraton Road;Sahl Hasheesh;19.48;51.12;64;NULL
0A5BDACA-BD7E-4F14-BF81-BFF1374951C3;87;2;El Dahar;Al Mamsha;4.15;18.53;21;NULL
E1193411-0B70-4212-993C-C07F168461D2;72;3;Al Mamsha;El Kawther;23.01;59.44;31;NULL
FD1E8F99-CFF0-41E3-A690-C08B98541BA6;5;2;Village Road;Sahl Hasheesh;24.19;79.31;39;NULL
CA79B145-0332-411B-8CF9-C0B9B1FC5BE6;64;1;Village Road;Hadaba;8.55;33.71;50;NULL
0EDC6E0D-F2D2-46D5-890C-C0F8E6A0FB9D;70;3;Al Mamsha;El Kawther;20.87;57.31;50;NULL
7B0FD6F5-4519-47F9-B9BF-C11E697E69F3;95;2;Hadaba;Sahl Hasheesh;18.08;52.89;46;NULL
47E588F6-C106-41B0-BEA7-C13F96BD0A32;8;1;Makadi Bay;Sheraton Road;15.46;53.35;56;NULL
CD47AB66-FE4C-4EF3-B217-C141AC6AC479;84;1;Makadi Bay;Al Mamsha;11.2;38.12;58;NULL
081DF991-3529-4B9A-90A4-C1421B621284;70;3;Makadi Bay;El Kawther;12.3;39.21;22;NULL
16CE6D8B-5902-4233-A22E-C1818C356A1C;44;1;El Gouna;Sheraton Road;5.55;24.21;38;NULL
26F25963-AA69-427F-BFF9-C1D00A5E62FB;44;1;El Dahar;El Kawther;1.63;14.06;28;NULL
CAD96734-3B2B-4634-B50D-C2D13387F821;28;3;Hadaba;Sahl Hasheesh;23.65;71.01;34;NULL
2196FA03-3F43-4C27-AA07-C305F8B29F42;46;2;El Gouna;Al Mamsha;4.46;21.35;44;NULL
D6170216-5FA4-490C-8707-C30AA4646C77;11;1;El Gouna;Al Mamsha;9.49;32.78;38;NULL
4A2AA127-82E9-4294-8C33-C33C0BB44D58;74;1;Airport;Makadi Bay;13.02;36.93;58;NULL
1921AD8A-3540-4B27-83E7-C34F9EC98B6C;20;3;El Kawther;Hurghada Marina;17.88;53.21;22;NULL
88FEF59F-34D1-4996-B7D1-C350B3B0C5D6;15;2;Hurghada Marina;Al Mamsha;10.6;40.61;62;NULL
E5DA1AEE-0AC2-434F-9DBA-C3697EA486A1;17;1;El Dahar;Hadaba;4.62;19.32;25;NULL
65257B3B-EAC6-4D7E-9029-C3854616F374;64;1;Sahl Hasheesh;Sheraton Road;10.43;38.63;18;NULL
B0A52CBA-B4C2-4BE1-85D1-C3AB0035107B;35;2;Airport;El Dahar;17.28;54.98;35;NULL
99FC5E99-F000-4EE3-8449-C3D64ACA8A82;16;1;El Gouna;El Dahar;4.74;22.92;57;NULL
0B78448E-3F7A-4BE9-B07F-C4300BC3E1C3;35;2;El Dahar;El Gouna;17.64;46.39;36;NULL
C9848AD4-0638-4FD6-A6FF-C457E12407B5;53;3;Village Road;El Kawther;19.73;49.54;64;NULL
EA2826BF-4ACC-447F-AFC2-C45C7057CB33;43;1;Hurghada Marina;Sheraton Road;19.27;61.44;45;NULL
BF7BFDE2-23D1-4AA8-A6F4-C46EC8D217D4;70;3;Sahl Hasheesh;Al Mamsha;7.68;27.76;39;NULL
55E1DAF6-FE66-4770-9764-C47383214E9B;54;2;El Dahar;El Gouna;21.9;69.81;47;NULL
5076A2DC-2063-41E8-9E80-C48B5E04AF40;96;3;Hurghada Marina;El Gouna;12.26;34.69;12;NULL
C37DEFD3-A679-41CF-A04D-C4F565652A92;51;3;El Gouna;Sahl Hasheesh;6.6;25.48;47;NULL
5B2C7460-D4E5-4AB5-9682-C556EF37B4A5;90;3;El Gouna;Al Mamsha;21.63;61.61;26;NULL
E4190BEA-45A1-4AA2-AE30-C5BEC83D8114;62;2;Hurghada Marina;El Gouna;17.52;60.29;33;NULL
426DF624-513A-427E-8044-C60A2A6F1385;84;1;Airport;Hadaba;14.2;47.65;35;NULL
B50AD458-1868-4360-A38D-C60AC282F6E9;31;2;El Gouna;Hurghada Marina;7.71;28.23;56;NULL
0523EADD-7E2B-4856-A943-C60C5F385926;72;3;Hurghada Marina;El Kawther;8.08;30.51;69;NULL
5BE7CD3E-588A-4B5B-A7C3-C60F8C6A4A64;4;3;Hadaba;Al Mamsha;2.19;16.14;64;NULL
27F07EA7-D19C-4CC2-938E-C64C1ACAC8D7;60;2;Village Road;El Gouna;4.53;22.27;38;NULL
A62CECF2-12DF-4020-8D94-C7520CB8AF42;23;2;Al Mamsha;Sahl Hasheesh;23.69;70.08;8;NULL
B56C6212-01DB-4F7B-AD87-C75C4EDAE529;79;1;Airport;Sheraton Road;18.85;48.93;37;NULL
FA1880AC-A28A-4CE0-9787-C85A34BD45DB;83;1;Sheraton Road;El Dahar;7.06;27.3;28;NULL
25E929D4-E51B-4CC1-9BC1-C8B01620B36D;4;3;Hadaba;Airport;13.61;50.36;67;NULL
A80441CF-0CB4-4331-BE0A-C8E4E49A8D31;57;3;El Kawther;Makadi Bay;5.86;26.75;66;NULL
0ECD15C3-01EA-40BB-B731-C980CA3449BF;85;3;Hurghada Marina;Sheraton Road;23.72;75.28;63;NULL
BD8FC682-2DE0-4296-81F7-C9A4B0736693;14;3;Village Road;Al Mamsha;9.27;36.24;28;NULL
FC930B8D-42D4-4451-908D-CA2663736A46;2;3;Hadaba;Sahl Hasheesh;10.97;34.16;66;NULL
CFD54059-C5FA-402E-AC1F-CA696D108CFE;26;2;Al Mamsha;Sheraton Road;20.55;56.25;66;NULL
A3A903AE-77F4-445B-85EB-CA6E4510BD5F;18;3;El Kawther;El Gouna;21.7;63.29;40;NULL
BDE92982-AE9B-4316-8889-CA8DCE10009B;75;2;Al Mamsha;Makadi Bay;6.98;28.88;53;NULL
90FA4B19-E837-42AE-A644-CADBDCB30C7B;88;2;Sahl Hasheesh;Makadi Bay;17.52;62.35;33;NULL
A2F76210-2EB6-4E8E-A54E-CADECFA5D056;93;1;Hurghada Marina;Al Mamsha;12.72;44.13;43;NULL
C1E9CD79-BF7F-44E8-B5CD-CBA04257AB4A;85;3;Sheraton Road;Al Mamsha;8.51;34.67;33;NULL
C4E3FA94-2938-49D2-B0BD-CBD80EC65351;8;1;El Gouna;Airport;11.16;36.14;33;NULL
13D7594A-CC27-4363-8912-CBE52D9AE187;71;2;El Gouna;Hadaba;6.19;22.56;46;NULL
34B4683F-C46F-4894-8012-CC0489D7B459;67;2;El Gouna;Village Road;16.15;49.44;44;NULL
0499F229-25DF-44DA-BE7E-CC1A6DED3F78;19;1;Makadi Bay;Sahl Hasheesh;15.4;45.63;41;NULL
CACB9670-3285-4025-8F0D-CCB140CBF85F;13;3;Hadaba;El Gouna;15.39;55.61;26;NULL
05164217-17DE-4AED-9192-CCB58C6ED0B0;40;1;Sahl Hasheesh;Village Road;6.53;28.66;65;NULL
8EC6BC27-3963-4866-B5A8-CD2DE3814422;3;2;Airport;Hadaba;6.56;24.66;26;NULL
18DAABC9-0509-4F31-9F24-CDCC9217DF03;71;2;Makadi Bay;Hurghada Marina;16.83;49.01;13;NULL
B874DBBD-6B36-4E40-955E-CEA254F9719B;17;1;Airport;El Kawther;16.52;48.33;20;NULL
D3279620-7A75-4D16-9824-CF33131B2CA7;67;2;Airport;Sheraton Road;19.31;60.16;27;NULL
AD9DDD46-ED4B-47CD-B61E-CF5181B685D1;17;1;Airport;Sahl Hasheesh;2.75;17.04;57;NULL
AC9EBA1E-601B-4400-9FEB-CF9421B02F32;12;1;Sahl Hasheesh;Airport;8.94;35.18;44;NULL
5FEB93EF-56F3-423D-9E05-D04AB33C652D;43;1;Village Road;Hurghada Marina;18.38;48.21;37;NULL
109F6E1F-9287-462F-826C-D0A8EC9B708A;75;2;Makadi Bay;El Dahar;14.24;49.91;42;NULL
A219C242-ECDA-4A77-895D-D1776CE53600;71;2;Sahl Hasheesh;Airport;21.56;57.05;24;NULL
CC83220F-88D6-40BC-9A5C-D1905BBA9832;13;3;Hurghada Marina;Airport;16.46;44.41;64;NULL
1E53AAD6-4662-4494-80D8-D1A000ED7887;26;2;El Kawther;Makadi Bay;6.83;25.27;28;NULL
67B2DE54-93D5-4D1F-B9B0-D1C6B28F9643;29;3;Hurghada Marina;Village Road;1.28;12.87;58;NULL
8485C3C2-A58B-4CA6-A22F-D277DDB1B3BB;46;2;Hurghada Marina;El Kawther;19.25;58.17;49;NULL
FB8EC392-7BAD-451F-9354-D29BFDE63878;68;3;Airport;El Kawther;13.12;39.75;39;NULL
867DDE52-7FA6-453E-8036-D2ADB34A8C5A;57;3;Sheraton Road;Hadaba;5.67;23.05;56;NULL
C1DECEC3-5AF2-447C-BD0E-D2CBDBD02EBB;43;1;Sahl Hasheesh;El Dahar;19.41;59.43;43;NULL
FCB95AEB-8648-47F1-BA9E-D2F6D97ABFC4;96;3;El Gouna;Sheraton Road;7.6;26.29;11;NULL
BD7E23AD-BE67-4568-A00A-D3B92C9BA7C7;96;3;Al Mamsha;Village Road;21.86;61.7;25;NULL
C383DF69-163A-420F-9E3D-D4D8C8D22E8C;42;3;Sahl Hasheesh;Airport;2.76;17.32;49;NULL
3A120804-0081-400F-9ADD-D4FBA82F46F5;35;2;El Kawther;Sahl Hasheesh;5.13;23.47;42;NULL
89115C0F-F942-4519-9F0B-D501F48C4A95;17;1;Sahl Hasheesh;El Gouna;4.72;24.15;70;NULL
E577CF37-4BBF-4482-81C8-D5F63CB13D45;40;1;Airport;Sahl Hasheesh;16.82;45.29;18;NULL
4FAD3E19-16B4-4C5B-BC62-D6201B687475;22;2;Village Road;El Dahar;7.31;25.73;28;NULL
33378556-D743-44B5-8690-D6317ACA5263;63;2;Makadi Bay;El Gouna;13.9;46.19;13;NULL
408A8B2C-157F-4088-98A1-D6382D950545;62;2;Airport;Hurghada Marina;22.41;71.4;50;NULL
78F876F0-365E-4021-B82A-D66E9E9A3CDD;56;3;Hurghada Marina;Sheraton Road;3.36;17.49;37;NULL
CCF84F82-6219-4490-9892-D67E0D1269AA;59;3;Hurghada Marina;Airport;4.77;22.87;17;NULL
B025B784-C2F7-4A95-84B1-D68475822790;3;2;El Kawther;Sheraton Road;4.01;18.97;24;NULL
FB53AD40-8EAD-46E0-8898-D6971D884227;85;3;El Kawther;El Gouna;10.42;36.58;38;NULL
84F7624D-857C-4F20-81DF-D6B943B00F89;1;2;Hurghada Marina;El Gouna;8.78;28.8;13;NULL
9009E599-C9EE-4487-B6C3-D6F62241F9CF;100;3;Sheraton Road;El Dahar;4.53;22.99;13;NULL
FCBB1D9A-200D-4192-8B92-D71BC8FC45CF;41;2;Hadaba;Sahl Hasheesh;7.46;27.37;31;NULL
49D9F44C-D67B-49B2-A8A3-D74842A4E6CC;29;3;Sheraton Road;Airport;9.29;31.62;7;NULL
5BD1215E-D39E-42A4-8F9E-D76D643F33C7;95;2;Village Road;Hadaba;18.13;56.3;62;NULL
00A2C26D-2406-4EBA-9B9F-D8B09303E260;61;1;Al Mamsha;Sheraton Road;21.6;56.07;12;NULL
F7BBDF99-4C6C-4235-A4C9-D8FF22A8B462;52;2;El Dahar;Sahl Hasheesh;16.22;49.92;40;NULL
DFF41A23-B4D4-49FD-9EEF-D942DBE90479;28;3;El Dahar;Al Mamsha;1.74;13.78;66;NULL
B4AE43DF-7C01-4B82-B672-D964A2802061;65;3;Makadi Bay;Al Mamsha;23.04;61.14;37;NULL
5E84E7E7-E1A7-4770-9E42-D970C4CAA9D9;18;3;Hurghada Marina;Airport;8.65;30.52;52;NULL
B498868B-7902-4FB4-A2EB-D991E2B0CE51;39;3;El Kawther;Sheraton Road;20.68;68.95;39;NULL
2D09D25D-4952-4E6B-A8E8-DA278649D00D;60;2;Al Mamsha;El Dahar;8.38;28.19;18;NULL
91122E84-4986-4908-898B-DAB4B85D7546;2;3;El Gouna;Hadaba;11.52;36.47;66;NULL
83F68B06-A4AC-4F17-848F-DAD5708A3751;41;2;El Dahar;Sahl Hasheesh;20.17;62.38;10;NULL
F7E2161E-1EBA-4324-A7BE-DAE43FDC3900;3;2;Makadi Bay;Airport;10.2;32.62;28;NULL
95C727CF-F439-45CB-AB3E-DB01FE29330C;60;2;El Gouna;Hadaba;12.1;35.18;44;NULL
2BA413A0-EEF1-4820-A1D2-DB22B40DB137;74;1;Sahl Hasheesh;Al Mamsha;2.79;17.73;23;NULL
D2D74FC8-21A5-426B-B7D0-DB55008946F1;62;2;Airport;Village Road;23.88;80.69;25;NULL
4ABA4173-9D0F-458C-99DE-DB88F60B8C6A;1;2;Sheraton Road;Hadaba;6.27;26.64;34;NULL
DE17DE12-1B76-4E7B-98FA-DBACCDDEA163;86;3;Sheraton Road;Hurghada Marina;7.21;30.88;42;NULL
E5090CDD-B620-47D8-A66E-DBB317AFA365;30;3;El Kawther;Village Road;21.92;74.71;61;NULL
6127FB82-9544-4A93-B62C-DBC21D19318E;29;3;Village Road;Airport;10.48;35.12;68;NULL
53C961BD-C1D5-4B07-8873-DBF22754E28F;20;3;El Gouna;Airport;4.08;20.09;57;NULL
9654A27D-A916-44CE-828A-DBF28AA92826;10;3;El Gouna;Airport;17.93;49.22;66;NULL
BEC86ABC-DF01-410C-9886-DBFC677064DA;8;1;El Gouna;Village Road;19.66;59.55;13;NULL
FD674E1C-5B0D-49F8-BC81-DC0438F1F15A;12;1;Sahl Hasheesh;El Kawther;9.77;38.66;11;NULL
0AB25644-2C72-4FEF-848A-DC0DA9641BE1;32;3;Sheraton Road;El Gouna;4.5;21.01;7;NULL
F8B28924-B2BC-4BEB-BEB7-DC4586C8B535;83;1;Hurghada Marina;Makadi Bay;9.56;33.75;11;NULL
B4237C19-1566-4D26-B1DC-DC90546E8905;21;3;Al Mamsha;Airport;18.3;51.32;69;NULL
C4258E2D-3C20-4A78-9761-DCC9C4C4B3C8;62;2;Makadi Bay;Sahl Hasheesh;13.95;47.98;64;NULL
59B2982B-A4BC-40A5-8AC1-DCFC8E20CED4;95;2;Makadi Bay;Hurghada Marina;5.77;25.33;6;NULL
16EF5F71-8F5D-4A43-9A72-DD2CD78A8F48;84;1;Airport;Village Road;8.68;31.32;8;NULL
ACC53DD8-A0D9-41F7-A37B-DD3574826B2B;4;3;El Dahar;Makadi Bay;16.26;48.17;12;NULL
E3DE4111-0CB0-48E9-B6AF-DD46DD18DF97;21;3;Hurghada Marina;Al Mamsha;3.86;19.94;22;NULL
283FF5DF-07D5-41F5-A38A-DD73F7C6EAB5;4;3;Hadaba;Airport;3.1;17.47;67;NULL
15F96755-432C-4289-97A4-DD91CE00EA04;11;1;El Dahar;Al Mamsha;4.3;22.34;19;NULL
4B09E9A5-B501-452D-9F1E-DDA6822AC23C;78;3;Sahl Hasheesh;Hurghada Marina;10.71;36.38;19;NULL
456563B4-6946-4201-B425-DDDA11039C1C;48;3;Makadi Bay;Airport;13.34;43.48;57;NULL
4C353D23-9784-4E5A-A676-DE0B14C7A6B4;34;2;El Kawther;Sahl Hasheesh;4.16;18.92;26;NULL
85B19CBC-F8DC-4086-BB1E-DE6AB32D307C;6;2;Airport;Sahl Hasheesh;13.19;44.92;43;NULL
334C27F9-8990-4A86-9AEB-DEABF45A1CE2;92;3;Hadaba;Sahl Hasheesh;3.79;21.35;70;NULL
8F393B5C-BFBA-4AF5-981A-DEC097AB7F90;19;1;Sheraton Road;El Gouna;14.96;44.44;33;NULL
718F5A89-F2AD-449A-A85D-DEF5E380A78A;62;2;El Dahar;Village Road;8.78;35.02;51;NULL
27C609B0-3726-4C3F-AED6-DF6A4DAAB3D2;2;3;El Dahar;Hadaba;22.19;55.89;39;NULL
C34A1BE8-8135-4F9B-84AF-DF744652BA95;82;1;El Kawther;Airport;21.57;74.58;66;NULL
F2330D2D-1143-4C6E-B327-DFE49D5AC070;90;3;Sheraton Road;Village Road;2.53;16.63;31;NULL
F842639A-CF63-4E40-A3E0-E01AB0CA4790;12;1;Makadi Bay;Sheraton Road;6.94;28.94;69;NULL
5FE61A85-281F-4E78-8110-E047C08E40CF;19;1;Makadi Bay;Hurghada Marina;15.75;48.93;29;NULL
9FBEC5BA-DF15-4564-816F-E0AF3411B718;75;2;Airport;Sahl Hasheesh;7.15;30.58;35;NULL
FF3D0296-104D-42B6-B039-E0B1595F79DA;16;1;El Dahar;El Kawther;11.69;43.25;37;NULL
F6FC117F-594F-4C16-A298-E0B685595294;14;3;El Gouna;El Dahar;5.11;21.09;52;NULL
E87EABCD-734E-489A-8666-E0D88E6A6ADE;49;1;El Dahar;El Gouna;3.83;21.32;15;NULL
A5E22BDE-AEB0-4554-8C71-E19B4E02619A;53;3;Village Road;El Gouna;11.69;33.6;60;NULL
73FC6654-D3C1-4353-ABBB-E1E4D17D4410;9;1;Sahl Hasheesh;Airport;9.53;33.54;14;NULL
1D77FCC8-274C-4281-B501-E1EC7B280346;7;1;Sahl Hasheesh;Airport;21.82;59.24;69;NULL
C3AF2989-5751-434D-B526-E2160C2BE31A;30;3;El Gouna;Hurghada Marina;17.34;48.8;27;NULL
2EFE6C6B-EB63-4B34-AF87-E249598F01AF;53;3;El Dahar;Hurghada Marina;15.73;47.1;24;NULL
3C8DCDAA-10BB-4099-BD53-E2743459C6D3;2;3;Village Road;Airport;16.56;58.94;48;NULL
47C56F96-62E4-4510-83AC-E280FF62D5E2;54;2;El Kawther;Makadi Bay;6.09;25.21;43;NULL
D5605C81-1215-456B-9758-E292965844AE;61;1;Hurghada Marina;Sahl Hasheesh;7.51;25.77;18;NULL
0FC16ACB-00B0-4F3D-B705-E2B14E8F4461;18;3;Al Mamsha;El Gouna;6.49;23.77;24;NULL
2A774B57-77F1-4F2F-9E86-E2B48BD7B917;12;1;Village Road;Sheraton Road;12.18;42.39;38;NULL
4639F689-A4E7-4997-B889-E2D04413D8A7;62;2;El Dahar;Hadaba;20.37;51.62;26;NULL
EA2AAB49-792B-4F5C-86E4-E2E32A031C21;24;1;Al Mamsha;Hurghada Marina;20.94;52.47;30;NULL
3A87310D-A56E-4744-98CA-E351D49627F5;54;2;Al Mamsha;Hurghada Marina;21.26;68.78;27;NULL
3E928F2F-C646-4989-A1C3-E39BA5113FDB;3;2;Hurghada Marina;Sheraton Road;1.08;13.03;33;NULL
306E9CA5-326C-4597-8A46-E455A978B543;62;2;El Gouna;Hurghada Marina;23.48;57.4;28;NULL
F68F70CA-DEBE-4674-8854-E4758D8EE98E;22;2;El Gouna;El Kawther;12.9;44.18;30;NULL
6BEC11E8-94FD-4A30-9B94-E52174227F88;38;2;El Kawther;Makadi Bay;4.02;18.39;30;NULL
41FFDE04-8F02-4FD2-A5A6-E59029EA267B;50;3;Airport;Sheraton Road;1.2;12.77;6;NULL
DED15642-CFDA-4FCD-8245-E5C5BCA5AE0B;56;3;Hurghada Marina;El Kawther;21.35;66.23;55;NULL
A7328F1C-2587-4BB4-A3AD-E61BB23DE673;18;3;El Gouna;Makadi Bay;16.44;50.99;51;NULL
7B0A834B-17A8-4E0F-8991-E715CE074774;33;3;Sheraton Road;Makadi Bay;1.82;15.17;60;NULL
741A39DC-742B-4B00-86CF-E758FFC918E5;1;2;Village Road;Sheraton Road;23.57;68.67;63;NULL
74748A06-EB58-4EAB-BDCA-E819E6283814;94;3;Hadaba;Sahl Hasheesh;12.08;42.35;35;NULL
A99B6479-DB6B-456E-B683-E865718EF07C;71;2;Makadi Bay;Sahl Hasheesh;7.81;30.61;7;NULL
4658F697-A233-42B2-984F-E8784A9EF47F;44;1;Sahl Hasheesh;Hurghada Marina;11.91;45.41;69;NULL
439362C0-8818-47AF-A06D-E8BA686C0DD3;45;1;Sheraton Road;El Dahar;10.64;38.12;25;NULL
1ABEA575-C201-4A0A-B663-E8EE4B4326F5;7;1;Al Mamsha;El Gouna;24.53;68.75;33;NULL
E98D6FD7-0496-4BA8-A31A-E9101BB9D14A;78;3;El Dahar;Hurghada Marina;11.79;37.87;64;NULL
D14B17EE-FA89-412B-B5E1-E9269E65901B;14;3;Al Mamsha;El Kawther;16.27;50.07;41;NULL
F8F920C2-36D7-4F82-9259-E9C50DF7BBC5;51;3;Al Mamsha;Makadi Bay;23.9;72.44;63;NULL
24430C90-CBFD-453C-B894-E9FBC707F7D7;64;1;El Kawther;Makadi Bay;1.52;13.61;15;NULL
7E63323B-90BF-4F41-8DDC-EA1F6FDFCA8E;67;2;Al Mamsha;Makadi Bay;16.82;57.85;22;NULL
2B8E1074-9C9A-47AE-988D-EB64337C4B00;81;1;El Dahar;Al Mamsha;13.71;49.38;19;NULL
233D1B7C-B281-4C1E-83EE-EB828648B029;55;3;Makadi Bay;Village Road;16.79;49.54;44;NULL
AC2F061A-1207-4A52-B122-EBA48D9F3FE7;86;3;Village Road;Airport;14.41;53;23;NULL
B48BA182-223C-45AE-AC00-EBA4BA9047F7;9;1;Airport;Sheraton Road;2.5;16.14;54;NULL
CC613C2A-7B02-4DD6-BB56-EBF2B053B4E4;2;3;Airport;El Gouna;21.98;54.63;46;NULL
4DABC1B7-F27A-4937-BD66-EC1D80B54CCA;35;2;Airport;Hadaba;1.77;14.74;28;NULL
22B47E3F-0E63-4FDA-BE4D-EC924FA90E9B;57;3;Al Mamsha;El Dahar;10.5;39.12;40;NULL
06EED1A8-1FEC-4374-9E8E-EC994C1C14DB;38;2;Airport;El Kawther;19.97;61.67;20;NULL
64BEAB32-9067-4F55-9D9F-ECD45D52A0A3;70;3;Makadi Bay;Village Road;23.41;60.01;62;NULL
6741ED62-10E5-4C1B-A886-ECF1480DCD34;12;1;Hurghada Marina;El Dahar;20.79;58.35;5;NULL
026D32DF-C4C5-4817-ADC3-ED302764EABB;67;2;Airport;El Kawther;3.76;18.24;8;NULL
046DB011-5F0E-4023-B47D-ED319659A9F9;37;1;El Gouna;Hadaba;18.71;64.85;30;NULL
BF3284E2-01DD-4F0C-8582-ED49CFC72153;74;1;Hadaba;Sheraton Road;9.93;30.89;69;NULL
A73CEBD4-3F22-4AD0-8BE3-ED82EBC370F2;91;2;El Kawther;Sahl Hasheesh;5.9;24.21;12;NULL
FF94B4E8-B31F-4C19-A5C2-EDDF0F10B383;3;2;Sahl Hasheesh;Al Mamsha;20.35;60.88;37;NULL
BF0FEE2C-4F60-4959-8028-EE2DA5172D65;69;1;Makadi Bay;Hurghada Marina;4.62;19.31;34;NULL
23A838D9-E66D-4763-A74A-EE44EB0B17F4;25;2;El Gouna;Sahl Hasheesh;2.65;16.19;15;NULL
B5A475CF-AE72-4693-B0E0-EE708DD3794E;83;1;Hurghada Marina;Village Road;19.91;65.56;17;NULL
3F218796-7EF3-44C5-95B8-EEA8523EA29E;3;2;El Dahar;Al Mamsha;13.73;50.98;54;NULL
E00C0689-2E50-41C7-805E-EF480550A621;99;1;Hurghada Marina;Airport;8.61;29.59;57;NULL
3CC81625-7C8A-4587-A2E5-EFB8F695F07B;43;1;Sahl Hasheesh;El Dahar;7.58;28.63;47;NULL
32E2D5B7-442A-41F2-BAFF-EFD8CF78FEA1;48;3;El Dahar;Al Mamsha;8.44;30.74;55;NULL
5C236D11-D654-4475-9D9E-EFEB2BDF2DCC;37;1;Makadi Bay;El Dahar;12.92;37.46;52;NULL
60D6459E-3CDF-432B-8952-F05445F91757;94;3;El Gouna;Sahl Hasheesh;15.24;47.26;66;NULL
009BD87D-137D-423B-822D-F06A3DF46880;10;3;Sahl Hasheesh;Sheraton Road;16.26;48.78;56;NULL
2020AC3C-93FA-4039-A6A2-F177A6276656;83;1;El Dahar;Al Mamsha;16.75;57.36;31;NULL
771B0D7B-5857-4F4B-B48A-F17CE7A92234;77;3;Village Road;Hadaba;22.64;67.52;57;NULL
7427308E-2336-4D39-8228-F24A0584DB1B;95;2;Hurghada Marina;Al Mamsha;18.7;48.56;70;NULL
9AE0A8A7-1FD0-454C-B72A-F27617D801F0;56;3;Sahl Hasheesh;Airport;18.21;54.79;12;NULL
B7DE0CDA-1277-4657-8B63-F2BBEB913E6D;16;1;Sahl Hasheesh;Village Road;5.81;25.08;38;NULL
BAB32097-CBEC-4F98-8FEE-F31DD29B2A22;98;2;Makadi Bay;Sheraton Road;17.22;53.32;12;NULL
368F6372-CF68-4DD3-8266-F34F2D3427E6;72;3;Village Road;Al Mamsha;10.81;36.58;36;NULL
DF220B0B-8ACF-4636-B962-F376AD20CDDD;59;3;Hadaba;El Dahar;22.22;71.91;41;NULL
9C1A1C07-6939-4A28-9BDE-F37B28462531;7;1;El Gouna;Sheraton Road;12.13;38.87;32;NULL
3EC88EFF-82AB-40AB-8F4E-F39B8E9BFB8C;8;1;Village Road;Hadaba;13.79;44.26;68;NULL
E9B42160-FBA5-46E7-BE46-F3AD2590115F;49;1;El Kawther;Sahl Hasheesh;5.68;25.65;33;NULL
12F7489B-1AD9-4152-8E65-F3C5924C973B;16;1;Makadi Bay;Airport;16.33;49.09;43;NULL
04DE4B6E-A8AF-40F6-8AAF-F3EA56058BA5;93;1;Makadi Bay;Hadaba;6.58;24.81;53;NULL
728A6B19-A684-40F9-8B4D-F406A00858A0;35;2;Al Mamsha;Sahl Hasheesh;16.19;43.64;24;NULL
6E1C0334-59A1-48CC-80CE-F4126A9EC056;33;3;El Gouna;El Kawther;18.71;50.58;6;NULL
AC509502-C470-4E1E-AD5C-F461A9D7AEB6;7;1;Makadi Bay;El Gouna;14.64;47.61;44;NULL
92E44546-60B9-4A7E-9026-F4694C722D40;90;3;Airport;Makadi Bay;2.64;17.15;69;NULL
2DA76E5A-059A-4F8E-8D6A-F4811997E4F7;28;3;El Dahar;Hurghada Marina;5.1;20.26;62;NULL
BC3EDCF4-1583-439E-9EF1-F4AED1B1F71D;65;3;Village Road;Hurghada Marina;9.54;38.02;67;NULL
6FEC1A40-87BE-4DE3-A182-F4E4C66A75ED;71;2;Village Road;El Dahar;4.83;19.82;57;NULL
C4E2B42C-C5AE-492D-93D2-F531BB97415E;54;2;Airport;Makadi Bay;14.5;51.9;12;NULL
F121A168-016D-465D-AD6A-F5882BA1B53A;89;2;El Gouna;Sheraton Road;23.41;67.17;56;NULL
56DFA9A2-5E1B-4BE7-BD41-F5CA6CAFE1AC;65;3;Hurghada Marina;Village Road;4.9;20.01;67;NULL
3CB99F61-6C19-43C3-8AE9-F5F1AD57AF0B;46;2;Hadaba;El Dahar;14.94;45.98;51;NULL
493429D5-CA03-4A6C-A83F-F62ADB768791;51;3;Hurghada Marina;El Gouna;4.9;22.06;37;NULL
35E60AB4-9F23-4251-98DA-F685FA373C09;54;2;Airport;Village Road;17.94;48.87;9;NULL
4D8020CC-4B21-435A-A1EC-F6C6E6860663;16;1;Sheraton Road;El Kawther;15.9;56.89;60;NULL
EAC9FE93-FBE5-4356-B0CB-F76F226B5428;23;2;Hadaba;El Dahar;23.78;78.91;50;NULL
F8B42FA3-6722-441D-96B8-F78304F9A384;83;1;Sheraton Road;El Dahar;22.65;75.99;54;NULL
B39B50C9-35C0-41EE-832F-F78940941827;47;1;Al Mamsha;Hadaba;17.83;62.23;11;NULL
9282FEA2-26DD-41A6-B08F-F7AB263E2196;4;3;Hadaba;Sheraton Road;16.19;46.98;57;NULL
3599C1F8-7323-4F8B-A6C5-F7E76F988D64;56;3;Hadaba;El Kawther;2.69;15.6;7;NULL
81178707-C5D4-47B2-AF59-F808D92FA9E4;16;1;Makadi Bay;El Dahar;16.61;54.81;14;NULL
14D2C578-3143-43ED-96A3-F828D10C7C4D;22;2;Makadi Bay;Village Road;23.69;80.77;52;NULL
F1B26C55-422F-45BF-9B83-F8F9C66AB96A;77;3;Hurghada Marina;El Kawther;10.91;34.33;5;NULL
0E54231D-2297-4C89-8E0A-F919E7731888;38;2;Village Road;Sahl Hasheesh;17.97;61.89;14;NULL
F0253C21-99C4-491B-9DAF-F9923DEC27B4;100;3;Makadi Bay;El Dahar;20.03;66.4;44;NULL
9032C4EA-218B-434D-BCE1-F9965DB55F17;54;2;Sahl Hasheesh;El Kawther;24.75;64.79;26;NULL
69C8E614-C3A3-4CFB-A1CE-FA4394A66D41;17;1;Hadaba;Hurghada Marina;5.09;23.78;52;NULL
B229548B-8007-44AD-A5DF-FA51DC8F2BA2;74;1;Al Mamsha;Sahl Hasheesh;10.28;40.75;40;NULL
7DF1BCB2-7643-43CF-A159-FA572192A4AE;5;2;Sahl Hasheesh;Hadaba;12.53;46.79;29;NULL
BC652189-19B1-402A-AE0D-FA82175E7278;13;3;El Dahar;Hadaba;16.09;46.33;51;NULL
5F525C9B-05B7-4227-A56C-FAAC9E3D5E3A;89;2;Hadaba;Airport;21.36;62.73;63;NULL
8772815C-A098-4184-B08C-FAC83190C890;54;2;El Kawther;Makadi Bay;4.83;22.64;39;NULL
03A48A0E-71BE-4470-A6D5-FB303F05A0AF;92;3;Sahl Hasheesh;El Dahar;8.56;28.65;25;NULL
DC02ACA5-5373-4611-A177-FB4769E0218A;86;3;Sheraton Road;El Kawther;5.47;21.07;15;NULL
9D61D059-EF5D-4A0A-9813-FB60FB8ACDB6;65;3;El Dahar;Sheraton Road;23.42;69.58;37;NULL
308CEC85-0D3A-4807-B571-FB97648534EC;68;3;El Dahar;El Kawther;20.71;62.26;31;NULL
B645884F-FC62-40FC-B83C-FB9E920E5319;16;1;Village Road;Sheraton Road;6.42;25.98;23;NULL
6C7ED35B-B9BF-4A9C-997E-FBA3BEC1F70E;72;3;El Dahar;El Kawther;16.68;55.14;34;NULL
AB361F1E-20E2-4FD5-9DDC-FBA977332BC7;85;3;Village Road;Hadaba;16.98;59.14;48;NULL
65005543-4103-47B7-8942-FBD8C171B450;36;2;Village Road;Airport;23.14;70.1;6;NULL
1FEECE3B-E264-4919-A0BF-FC1782F74B02;17;1;Sheraton Road;El Dahar;7.41;28;45;NULL
083444DB-8EAC-41F9-982C-FC1A5E50DC8F;12;1;Sheraton Road;Village Road;12.12;38.51;37;NULL
6AF9024A-7C3E-402F-8D24-FC301C45B81D;16;1;El Gouna;El Kawther;8.57;28.99;54;NULL
ED8359A3-EE30-4A09-925A-FD28CE97F6FF;39;3;El Kawther;Makadi Bay;1.35;13.27;53;NULL
6F42A14E-21E1-4D51-AD77-FD2CFA437067;57;3;Airport;Makadi Bay;23.41;68.85;20;NULL
9FF738AD-5207-4094-877E-FE0F1998A692;78;3;Sahl Hasheesh;El Gouna;18.72;61.87;57;NULL
7BBF71A6-52B9-4BA8-96E8-FE133DDBB79B;6;2;Airport;Hadaba;10.49;38.9;45;NULL
F2928A04-1479-44BE-9CE4-FE1E0D92A786;55;3;Sheraton Road;Al Mamsha;17.38;51.36;46;NULL
0FEAC0BF-9E8A-44A3-8AB9-FE4E84155D09;58;3;El Kawther;Village Road;10.05;33.16;59;NULL
75B9EB1D-D1B2-4775-BC2C-FE58D2AC5C6E;78;3;Sheraton Road;El Kawther;19.61;68.44;9;NULL
4C60E33B-E673-4A39-9A8E-FEF1BFE9E008;64;1;Hurghada Marina;El Kawther;4.96;23.11;67;NULL
F67920C1-8B31-440A-B60A-FF25B16F1A68;13;3;Al Mamsha;El Dahar;14.92;44.4;34;NULL
CE576D9B-ADE0-46D6-8EA5-FFC2028645B9;96;3;El Kawther;Makadi Bay;13.54;39.2;45;NULL
1E034B45-CB40-41A2-83DA-FFC8819ABE54;64;1;Al Mamsha;Hurghada Marina;1.11;12.9;5;NULL
